stratum,value,method,people,images,accuracy,macro_f1_fixed_classes,sitting_precision,sitting_recall,sitting_f1,sitting_support,standing_precision,standing_recall,standing_f1,standing_support,walking_running_precision,walking_running_recall,walking_running_f1,walking_running_support
area_quartile,Q1_small,v1,888,457,0.5878378378378378,0.6342815214868663,0.8551724137931035,0.7948717948717948,0.8239202657807309,156,0.8038461538461539,0.41141732283464566,0.5442708333333334,508,0.391304347826087,0.84375,0.5346534653465347,224
area_quartile,Q1_small,source_tight_pad,888,457,0.6756756756756757,0.7026198797899155,0.8421052631578947,0.8205128205128205,0.8311688311688312,156,0.8468468468468469,0.5551181102362205,0.6706302021403091,508,0.47146401985111663,0.8482142857142857,0.6060606060606061,224
area_quartile,Q1_small,dino_tight_svm,888,457,0.8524774774774775,0.8446728753159601,0.9225806451612903,0.9166666666666666,0.9196141479099679,156,0.8492647058823529,0.9094488188976378,0.8783269961977186,508,0.8042328042328042,0.6785714285714286,0.7360774818401937,224
area_quartile,Q1_small,dino_context_svm,888,457,0.8445945945945946,0.8344037281532657,0.9150326797385621,0.8974358974358975,0.9061488673139159,156,0.84,0.9094488188976378,0.8733459357277883,508,0.8,0.6607142857142857,0.7237163814180929,224
area_quartile,Q1_small,dino_stack,888,457,0.8592342342342343,0.856005747946929,0.9079754601226994,0.9487179487179487,0.9278996865203761,156,0.876953125,0.8838582677165354,0.8803921568627451,508,0.7793427230046949,0.7410714285714286,0.7597254004576659,224
area_quartile,Q1_small,dino_factorized,888,457,0.8547297297297297,0.8499480757879941,0.9411764705882353,0.9230769230769231,0.9320388349514563,156,0.8547486033519553,0.9035433070866141,0.8784688995215311,508,0.7878787878787878,0.6964285714285714,0.7393364928909952,224
area_quartile,Q1_small,siglip2,888,457,0.8524774774774775,0.8448689377551393,0.9281045751633987,0.9102564102564102,0.919093851132686,156,0.8436363636363636,0.9133858267716536,0.8771266540642723,508,0.8162162162162162,0.6741071428571429,0.7383863080684596,224
area_quartile,Q1_small,convnext,888,457,0.75,0.7532645894626535,0.8235294117647058,0.8076923076923077,0.8155339805825242,156,0.8494117647058823,0.7106299212598425,0.7738478027867095,508,0.5774193548387097,0.7991071428571429,0.6704119850187266,224
area_quartile,Q2,v1,887,597,0.6324689966178129,0.6589767804012848,0.8817204301075269,0.8159203980099502,0.8475452196382429,201,0.8606271777003485,0.475,0.6121437422552665,520,0.36231884057971014,0.9036144578313253,0.5172413793103449,166
area_quartile,Q2,source_tight_pad,887,597,0.6967305524239008,0.7113935720167938,0.8529411764705882,0.8656716417910447,0.8592592592592593,201,0.9056603773584906,0.5538461538461539,0.6873508353221957,520,0.4273972602739726,0.9397590361445783,0.5875706214689266,166
area_quartile,Q2,dino_tight_svm,887,597,0.8906426155580609,0.8709197147760303,0.9744897959183674,0.9502487562189055,0.9622166246851386,201,0.8923933209647495,0.925,0.9084041548630784,520,0.7763157894736842,0.7108433734939759,0.7421383647798742,166
area_quartile,Q2,dino_context_svm,887,597,0.8782412626832018,0.8573128117942224,0.9587628865979382,0.9253731343283582,0.9417721518987342,201,0.8800738007380073,0.9173076923076923,0.8983050847457628,520,0.7682119205298014,0.6987951807228916,0.7318611987381703,166
area_quartile,Q2,dino_stack,887,597,0.8883878241262683,0.8696969696969697,0.9794871794871794,0.9502487562189055,0.9646464646464646,201,0.8949343339587242,0.9173076923076923,0.905982905982906,520,0.7547169811320755,0.7228915662650602,0.7384615384615385,166
area_quartile,Q2,dino_factorized,887,597,0.8940248027057497,0.8761794244380257,0.9844559585492227,0.945273631840796,0.9644670050761421,201,0.8973880597014925,0.925,0.9109848484848485,520,0.7721518987341772,0.7349397590361446,0.7530864197530864,166
area_quartile,Q2,siglip2,887,597,0.8737316798196166,0.852808639019251,0.9585492227979274,0.9203980099502488,0.9390862944162437,201,0.8777777777777778,0.9115384615384615,0.8943396226415095,520,0.7532467532467533,0.6987951807228916,0.725,166
area_quartile,Q2,convnext,887,597,0.7756482525366404,0.7687305127975778,0.8939393939393939,0.8805970149253731,0.8872180451127819,201,0.8755760368663594,0.7307692307692307,0.7966457023060797,520,0.5137254901960784,0.7891566265060241,0.6223277909738717,166
area_quartile,Q3,v1,887,691,0.6956031567080045,0.7025579620681547,0.9025270758122743,0.922509225092251,0.9124087591240876,271,0.8798283261802575,0.46485260770975056,0.6083086053412463,441,0.4297082228116711,0.9257142857142857,0.5869565217391305,175
area_quartile,Q3,source_tight_pad,887,691,0.7305524239007892,0.7346953732066431,0.9071428571428571,0.9372693726937269,0.9219600725952813,271,0.8992248062015504,0.5260770975056689,0.6638054363376252,441,0.46418338108882523,0.9257142857142857,0.6183206106870229,175
area_quartile,Q3,dino_tight_svm,887,691,0.8568207440811725,0.835943257444657,0.9548872180451128,0.9372693726937269,0.9459962756052142,271,0.8387096774193549,0.8843537414965986,0.8609271523178808,441,0.7435897435897436,0.6628571428571428,0.7009063444108762,175
area_quartile,Q3,dino_context_svm,887,691,0.8568207440811725,0.8360652605448751,0.9368029739776952,0.9298892988929889,0.9333333333333333,271,0.8361702127659575,0.891156462585034,0.862788144895719,441,0.777027027027027,0.6571428571428571,0.7120743034055728,175
area_quartile,Q3,dino_stack,887,691,0.8771138669673055,0.8598222186133464,0.9625468164794008,0.948339483394834,0.9553903345724907,271,0.8662280701754386,0.8956916099773242,0.8807134894091416,441,0.7682926829268293,0.72,0.7433628318584071,175
area_quartile,Q3,dino_factorized,887,691,0.8669673055242391,0.8499261482450612,0.947565543071161,0.933579335793358,0.9405204460966543,271,0.8574561403508771,0.8866213151927438,0.8717948717948718,441,0.7621951219512195,0.7142857142857143,0.7374631268436578,175
area_quartile,Q3,siglip2,887,691,0.85456595264938,0.8350834628726221,0.9363295880149812,0.922509225092251,0.929368029739777,271,0.8354700854700855,0.8866213151927438,0.8602860286028603,441,0.7697368421052632,0.6685714285714286,0.7155963302752294,175
area_quartile,Q3,convnext,887,691,0.8015783540022547,0.7873126061747394,0.8698630136986302,0.9372693726937269,0.9023090586145648,271,0.8387909319899244,0.7551020408163265,0.7947494033412887,441,0.6262626262626263,0.7085714285714285,0.6648793565683646,175
area_quartile,Q4_large,v1,888,804,0.7961711711711712,0.7466357648123975,0.9101123595505618,0.9619952494061758,0.9353348729792148,421,0.9262672811059908,0.5552486187845304,0.694300518134715,362,0.4469026548672566,0.9619047619047619,0.6102719033232629,105
area_quartile,Q4_large,source_tight_pad,888,804,0.8108108108108109,0.7620821244674456,0.9209932279909706,0.9691211401425178,0.9444444444444444,421,0.9417040358744395,0.580110497237569,0.717948717948718,362,0.4594594594594595,0.9714285714285714,0.6238532110091743,105
area_quartile,Q4_large,dino_tight_svm,888,804,0.8783783783783784,0.8282000900704084,0.936768149882904,0.9501187648456056,0.9433962264150944,421,0.8436657681940701,0.8646408839779005,0.8540245566166439,362,0.7444444444444445,0.638095238095238,0.6871794871794872,105
area_quartile,Q4_large,dino_context_svm,888,804,0.8862612612612613,0.836599354578853,0.9328703703703703,0.9572446555819477,0.9449003516998827,421,0.8548387096774194,0.8784530386740331,0.8664850136239782,362,0.7857142857142857,0.6285714285714286,0.6984126984126984,105
area_quartile,Q4_large,dino_stack,888,804,0.8862612612612613,0.8469810514701678,0.9324009324009324,0.9501187648456056,0.9411764705882353,421,0.8622589531680441,0.8646408839779005,0.863448275862069,362,0.7708333333333334,0.7047619047619048,0.736318407960199,105
area_quartile,Q4_large,dino_factorized,888,804,0.8873873873873874,0.8443491982923078,0.9350348027842227,0.9572446555819477,0.9460093896713615,421,0.8666666666666667,0.861878453038674,0.8642659279778393,362,0.7525773195876289,0.6952380952380952,0.7227722772277227,105
area_quartile,Q4_large,siglip2,888,804,0.884009009009009,0.8363881672534013,0.9271070615034168,0.9667458432304038,0.9465116279069767,421,0.8676056338028169,0.850828729281768,0.8591352859135286,362,0.7446808510638298,0.6666666666666666,0.7035175879396985,105
area_quartile,Q4_large,convnext,888,804,0.8063063063063063,0.7701268268658051,0.8389830508474576,0.9406175771971497,0.8868980963045913,421,0.8415492957746479,0.6602209944751382,0.739938080495356,362,0.6136363636363636,0.7714285714285715,0.6835443037974683,105
height_quartile,Q1_short,v1,888,499,0.5833333333333334,0.6183308310572638,0.8669950738916257,0.8341232227488151,0.8502415458937198,211,0.7813953488372093,0.35443037974683544,0.4876632801161103,474,0.3702127659574468,0.8571428571428571,0.5170876671619614,203
height_quartile,Q1_short,source_tight_pad,888,499,0.6531531531531531,0.6777217963497005,0.8530805687203792,0.8530805687203792,0.8530805687203792,211,0.8371212121212122,0.46624472573839665,0.5989159891598916,474,0.43341404358353514,0.8817733990147784,0.5811688311688312,203
height_quartile,Q1_short,dino_tight_svm,888,499,0.8490990990990991,0.8366520264016488,0.941747572815534,0.919431279620853,0.9304556354916067,211,0.8369351669941061,0.8987341772151899,0.866734486266531,474,0.7745664739884393,0.6600985221674877,0.7127659574468085,203
height_quartile,Q1_short,dino_context_svm,888,499,0.8536036036036037,0.8415665935309883,0.945273631840796,0.9004739336492891,0.9223300970873787,211,0.83984375,0.9071729957805907,0.8722109533468559,474,0.7885714285714286,0.6798029556650246,0.7301587301587301,203
height_quartile,Q1_short,dino_stack,888,499,0.8614864864864865,0.8544240019147179,0.9299065420560748,0.943127962085308,0.9364705882352942,211,0.8718487394957983,0.8755274261603375,0.8736842105263158,474,0.7626262626262627,0.7438423645320197,0.7531172069825436,203
height_quartile,Q1_short,dino_factorized,888,499,0.8603603603603603,0.8515235120032036,0.9603960396039604,0.919431279620853,0.9394673123486683,211,0.852,0.8987341772151899,0.8747433264887063,474,0.7741935483870968,0.7093596059113301,0.7403598971722365,203
height_quartile,Q1_short,siglip2,888,499,0.8614864864864865,0.8506193566946963,0.9504950495049505,0.909952606635071,0.9297820823244553,211,0.8410852713178295,0.9156118143459916,0.8767676767676768,474,0.8176470588235294,0.6847290640394089,0.7453083109919572,203
height_quartile,Q1_short,convnext,888,499,0.7556306306306306,0.7577896266661032,0.8585365853658536,0.8341232227488151,0.8461538461538461,211,0.8387909319899244,0.7025316455696202,0.764638346727899,474,0.5664335664335665,0.7980295566502463,0.6625766871165644,203
height_quartile,Q2,v1,887,620,0.6538895152198422,0.6687150030531139,0.9377593360995851,0.8560606060606061,0.8950495049504951,264,0.8416666666666667,0.4420131291028446,0.5796269727403156,457,0.37438423645320196,0.9156626506024096,0.5314685314685315,166
height_quartile,Q2,source_tight_pad,887,620,0.7170236753100339,0.7215434014427311,0.9073359073359073,0.8901515151515151,0.8986615678776291,264,0.8689655172413793,0.5514223194748359,0.6746987951807228,457,0.4408284023668639,0.8975903614457831,0.5912698412698413,166
height_quartile,Q2,dino_tight_svm,887,620,0.9007891770011274,0.8831751978110463,0.9803921568627451,0.946969696969697,0.9633911368015414,264,0.8804123711340206,0.9343544857768052,0.9065817409766455,457,0.8299319727891157,0.7349397590361446,0.7795527156549521,166
height_quartile,Q2,dino_context_svm,887,620,0.8793686583990981,0.8578355341239045,0.9607843137254902,0.928030303030303,0.9441233140655106,264,0.8591836734693877,0.9212253829321663,0.8891235480464625,457,0.8028169014084507,0.6867469879518072,0.7402597402597403,166
height_quartile,Q2,dino_stack,887,620,0.8940248027057497,0.8756731686245245,0.9767441860465116,0.9545454545454546,0.9655172413793104,264,0.885593220338983,0.9146608315098468,0.8998923573735199,457,0.7834394904458599,0.7409638554216867,0.7616099071207431,166
height_quartile,Q2,dino_factorized,887,620,0.8996617812852311,0.8818024072880134,0.9802371541501976,0.9393939393939394,0.9593810444874274,264,0.8822314049586777,0.9343544857768052,0.9075451647183846,457,0.82,0.7409638554216867,0.7784810126582279,166
height_quartile,Q2,siglip2,887,620,0.8793686583990981,0.8598161672383325,0.9610894941634242,0.9356060606060606,0.9481765834932822,264,0.8630705394190872,0.9102844638949672,0.88604898828541,457,0.7905405405405406,0.7048192771084337,0.7452229299363057,166
height_quartile,Q2,convnext,887,620,0.8094701240135288,0.800864840004197,0.8888888888888888,0.9090909090909091,0.898876404494382,264,0.8805194805194805,0.7417943107221007,0.8052256532066508,457,0.5991379310344828,0.8373493975903614,0.6984924623115578,166
height_quartile,Q3,v1,887,670,0.705749718151071,0.711104930841013,0.8851851851851852,0.9299610894941635,0.9070208728652751,257,0.8929889298892989,0.5148936170212766,0.6531713900134952,470,0.4190751445086705,0.90625,0.5731225296442688,160
height_quartile,Q3,source_tight_pad,887,670,0.7497181510710259,0.7518583823066018,0.8795620437956204,0.9377431906614786,0.9077212806026366,257,0.9249146757679181,0.5765957446808511,0.7103538663171691,470,0.478125,0.95625,0.6375,160
height_quartile,Q3,dino_tight_svm,887,670,0.8714768883878241,0.8488767993567402,0.9525691699604744,0.9377431906614786,0.9450980392156862,257,0.8662551440329218,0.8957446808510638,0.8807531380753139,470,0.75,0.69375,0.7207792207792207,160
height_quartile,Q3,dino_context_svm,887,670,0.874859075535513,0.8519455801934323,0.9346153846153846,0.9455252918287937,0.9400386847195358,257,0.8670756646216768,0.902127659574468,0.8842544316996872,470,0.7898550724637681,0.68125,0.7315436241610739,160
height_quartile,Q3,dino_stack,887,670,0.8861330326944757,0.8670363598267797,0.9457364341085271,0.9494163424124513,0.9475728155339805,257,0.8835758835758836,0.9042553191489362,0.8937960042060988,470,0.7905405405405406,0.73125,0.7597402597402597,160
height_quartile,Q3,dino_factorized,887,670,0.8771138669673055,0.8573929157294101,0.9418604651162791,0.9455252918287937,0.9436893203883495,257,0.8784067085953878,0.8914893617021277,0.8848996832101372,470,0.7631578947368421,0.725,0.7435897435897436,160
height_quartile,Q3,siglip2,887,670,0.8647125140924464,0.8423374517765763,0.9305019305019305,0.9377431906614786,0.9341085271317829,257,0.8630705394190872,0.8851063829787233,0.8739495798319328,470,0.7534246575342466,0.6875,0.7189542483660131,160
height_quartile,Q3,convnext,887,670,0.7733934611048479,0.7581346258270051,0.8421052631578947,0.933852140077821,0.8856088560885609,257,0.8527131782945736,0.7021276595744681,0.7701283547257877,470,0.5395348837209303,0.725,0.6186666666666667,160
height_quartile,Q4_tall,v1,888,774,0.7691441441441441,0.7530989328138612,0.8908554572271387,0.9526813880126183,0.9207317073170732,317,0.922509225092251,0.5813953488372093,0.7132667617689016,430,0.4712230215827338,0.9290780141843972,0.6252983293556086,141
height_quartile,Q4_tall,source_tight_pad,888,774,0.793918918918919,0.7750808238965798,0.9194029850746268,0.9716088328075709,0.9447852760736196,317,0.9403508771929825,0.6232558139534884,0.7496503496503496,430,0.48134328358208955,0.9148936170212766,0.6308068459657702,141
height_quartile,Q4_tall,dino_tight_svm,888,774,0.8569819819819819,0.8181085220155516,0.9181818181818182,0.9558359621451105,0.9366306027820711,317,0.8473804100227791,0.8651162790697674,0.856156501726122,430,0.7226890756302521,0.6099290780141844,0.6615384615384615,141
height_quartile,Q4_tall,dino_context_svm,888,774,0.8581081081081081,0.8180893579746943,0.9126506024096386,0.9558359621451105,0.9337442218798151,317,0.8465011286681715,0.872093023255814,0.8591065292096219,430,0.7433628318584071,0.5957446808510638,0.6614173228346457,141
height_quartile,Q4_tall,dino_stack,888,774,0.8693693693693694,0.8374084772853556,0.9290123456790124,0.9495268138801262,0.9391575663026521,317,0.864367816091954,0.8744186046511628,0.869364161849711,430,0.7364341085271318,0.6737588652482269,0.7037037037037037,141
height_quartile,Q4_tall,dino_factorized,888,774,0.865990990990991,0.8316829261273705,0.9214501510574018,0.9621451104100947,0.941358024691358,317,0.866822429906542,0.8627906976744186,0.8648018648018648,430,0.7209302325581395,0.6595744680851063,0.6888888888888889,141
height_quartile,Q4_tall,siglip2,888,774,0.8592342342342343,0.8218316410363361,0.9101796407185628,0.9589905362776026,0.9339477726574501,317,0.8568129330254042,0.8627906976744186,0.8597914252607184,430,0.7272727272727273,0.624113475177305,0.6717557251908397,141
height_quartile,Q4_tall,convnext,888,774,0.795045045045045,0.7691075320747697,0.8366197183098592,0.9369085173501577,0.8839285714285714,317,0.8382749326145552,0.7232558139534884,0.7765293383270911,430,0.6049382716049383,0.6950354609929078,0.6468646864686468,141
scene_occupancy,multiple_people,v1,2191,840,0.6973984481971702,0.7102830542153965,0.8904593639575972,0.8600682593856656,0.875,586,0.8600823045267489,0.5409836065573771,0.6641949152542372,1159,0.44308035714285715,0.8901345291479821,0.5916542473919523,446
scene_occupancy,multiple_people,source_tight_pad,2191,840,0.764034687357371,0.7684266180862801,0.8950086058519794,0.8873720136518771,0.8911739502999143,586,0.8890200708382526,0.6496980155306299,0.7507477567298105,1159,0.5255570117955439,0.899103139013453,0.663358147229115,446
scene_occupancy,multiple_people,dino_tight_svm,2191,840,0.8703788224554998,0.854742846498394,0.9532062391681109,0.9385665529010239,0.945829750644884,586,0.8647302904564316,0.8990509059534081,0.8815566835871405,1159,0.7701711491442543,0.7062780269058296,0.7368421052631579,446
scene_occupancy,multiple_people,dino_context_svm,2191,840,0.8676403468735737,0.850904168429719,0.9338983050847458,0.9402730375426621,0.9370748299319728,586,0.8598516075845012,0.899913718723037,0.8794266441821248,1159,0.7912371134020618,0.6883408071748879,0.7362110311750599,446
scene_occupancy,multiple_people,dino_stack,2191,840,0.879963486992241,0.8667329675837688,0.9490662139219015,0.9539249146757679,0.9514893617021276,586,0.883304940374787,0.8947368421052632,0.8889841405915131,1159,0.7757009345794392,0.7443946188340808,0.7597254004576659,446
scene_occupancy,multiple_people,dino_factorized,2191,840,0.8781378366042902,0.8644061274410967,0.9550173010380623,0.9419795221843004,0.9484536082474226,586,0.8758389261744967,0.9007765314926661,0.8881327094853254,1159,0.7790973871733967,0.7354260089686099,0.7566320645905421,446
scene_occupancy,multiple_people,siglip2,2191,840,0.8566864445458695,0.8416476575508346,0.9293103448275862,0.9197952218430034,0.9245283018867925,586,0.8514522821576763,0.8852459016393442,0.868020304568528,1159,0.7684729064039408,0.6995515695067265,0.7323943661971831,446
scene_occupancy,multiple_people,convnext,2191,840,0.7731629392971247,0.7703066569528237,0.8527004909983633,0.8890784982935154,0.8705096073517126,586,0.8591101694915254,0.6997411561691113,0.7712791250594389,1159,0.5691823899371069,0.8116591928251121,0.6691312384473198,446
scene_occupancy,single_person,v1,1359,1359,0.6467991169977925,0.6397932028137978,0.9014373716632443,0.9481641468682506,0.9242105263157895,463,0.8768656716417911,0.34970238095238093,0.5,672,0.3394039735099338,0.9151785714285714,0.49516908212560384,224
scene_occupancy,single_person,source_tight_pad,1359,1359,0.6710816777041942,0.6626040927050113,0.891566265060241,0.958963282937365,0.9240374609781478,463,0.9087719298245615,0.3854166666666667,0.5412748171368861,672,0.3628472222222222,0.9330357142857143,0.5225,224
scene_occupancy,single_person,dino_tight_svm,1359,1359,0.8682855040470935,0.8333585065409812,0.9379014989293362,0.9460043196544277,0.9419354838709677,463,0.84593837535014,0.8988095238095238,0.8715728715728716,672,0.7752808988764045,0.6160714285714286,0.6865671641791045,224
scene_occupancy,single_person,dino_context_svm,1359,1359,0.8646063281824872,0.8294787732115306,0.9388646288209607,0.9287257019438445,0.9337676438653637,463,0.841886269070735,0.9032738095238095,0.8715003589375449,672,0.7666666666666667,0.6160714285714286,0.6831683168316832,224
scene_occupancy,single_person,dino_stack,1359,1359,0.8741721854304636,0.8460294984769133,0.9397849462365592,0.9438444924406048,0.9418103448275862,463,0.8652173913043478,0.8883928571428571,0.8766519823788547,672,0.7549019607843137,0.6875,0.719626168224299,224
scene_occupancy,single_person,dino_factorized,1359,1359,0.8719646799116998,0.8409342067503998,0.9399141630901288,0.9460043196544277,0.9429494079655544,463,0.8593974175035868,0.8913690476190477,0.87509130752374,672,0.7551020408163265,0.6607142857142857,0.7047619047619048,224
scene_occupancy,single_person,siglip2,1359,1359,0.8815305371596762,0.8473645147764445,0.9427966101694916,0.9611231101511879,0.9518716577540107,463,0.8629943502824858,0.9092261904761905,0.8855072463768116,672,0.7932960893854749,0.6339285714285714,0.7047146401985112,224
scene_occupancy,single_person,convnext,1359,1359,0.7998528329654158,0.7729411616989862,0.8571428571428571,0.9330453563714903,0.8934850051706308,463,0.8422818791946308,0.7470238095238095,0.7917981072555205,672,0.5907335907335908,0.6830357142857143,0.6335403726708074,224
boundary_status,interior_box,v1,2789,1804,0.6572248117604876,0.6817556389246452,0.8938307030129125,0.8887303851640513,0.8912732474964234,701,0.8746803069053708,0.4535809018567639,0.5973799126637555,1508,0.4015267175572519,0.906896551724138,0.5566137566137566,580
boundary_status,interior_box,source_tight_pad,2789,1804,0.7135173897454284,0.7296202733700302,0.8907563025210085,0.9072753209700428,0.8989399293286219,701,0.899343544857768,0.5450928381962865,0.6787778695293146,1508,0.4582256675279931,0.9172413793103448,0.6111430212521539,580
boundary_status,interior_box,dino_tight_svm,2789,1804,0.8730727859447831,0.8570853167561604,0.9622641509433962,0.9457917261055635,0.9539568345323741,701,0.8641509433962264,0.9111405835543767,0.8870238863783085,1508,0.7803921568627451,0.6862068965517242,0.7302752293577982,580
boundary_status,interior_box,dino_context_svm,2789,1804,0.8633918967371818,0.8461758670896544,0.9448476052249637,0.9286733238231099,0.9366906474820144,701,0.8533998752339363,0.9071618037135278,0.8794599807135969,1508,0.7826961770623743,0.6706896551724137,0.7223769730733519,580
boundary_status,interior_box,dino_stack,2789,1804,0.8816780207959842,0.8692365334864115,0.9585121602288984,0.9557774607703281,0.9571428571428572,701,0.8837662337662338,0.9025198938992043,0.8930446194225722,1508,0.7781818181818182,0.7379310344827587,0.7575221238938054,580
boundary_status,interior_box,dino_factorized,2789,1804,0.8770168519182503,0.8636482816435024,0.9608127721335269,0.9443651925820257,0.9525179856115108,701,0.8734015345268542,0.9058355437665783,0.8893229166666666,1508,0.7798507462686567,0.7206896551724138,0.7491039426523297,580
boundary_status,interior_box,siglip2,2789,1804,0.8659017569021155,0.8512239601544894,0.9410919540229885,0.9343794579172611,0.9377236936292055,701,0.8614113159567705,0.8985411140583555,0.8795845504706264,1508,0.7788461538461539,0.6982758620689655,0.7363636363636363,580
boundary_status,interior_box,convnext,2789,1804,0.7820007171029043,0.7785228030491348,0.8484438430311232,0.8944365192582026,0.8708333333333333,701,0.8657664813343924,0.7228116710875332,0.7878568847126852,1508,0.5865992414664981,0.8,0.6768781911013858,580
boundary_status,touches_boundary,v1,761,656,0.7542706964520368,0.7045526963742578,0.898876404494382,0.9195402298850575,0.9090909090909091,348,0.827906976744186,0.5510835913312694,0.6617100371747212,323,0.4,0.8444444444444444,0.5428571428571428,90
boundary_status,touches_boundary,source_tight_pad,761,656,0.783180026281209,0.7348495369022366,0.8986301369863013,0.9425287356321839,0.9200561009817672,348,0.8715596330275229,0.5882352941176471,0.7024029574861368,323,0.43820224719101125,0.8666666666666667,0.582089552238806,90
boundary_status,touches_boundary,dino_tight_svm,761,656,0.8567674113009198,0.805882427432353,0.9154929577464789,0.9339080459770115,0.9246088193456614,348,0.8267477203647416,0.8421052631578947,0.8343558282208589,323,0.7142857142857143,0.6111111111111112,0.6586826347305389,90
boundary_status,touches_boundary,dino_context_svm,761,656,0.8777923784494087,0.8305198062116315,0.9192200557103064,0.9482758620689655,0.9335219236209336,348,0.851963746223565,0.8730650154798761,0.8623853211009175,323,0.7887323943661971,0.6222222222222222,0.6956521739130435,90
boundary_status,touches_boundary,dino_stack,761,656,0.8633377135348226,0.8152557579155056,0.9183098591549296,0.9367816091954023,0.9274537695590327,348,0.8425925925925926,0.8452012383900929,0.8438948995363215,323,0.7073170731707317,0.6444444444444445,0.6744186046511628,90
boundary_status,touches_boundary,dino_factorized,761,656,0.871222076215506,0.8221481715633763,0.923943661971831,0.9425287356321839,0.9331436699857752,348,0.8523076923076923,0.8575851393188855,0.8549382716049383,323,0.7160493827160493,0.6444444444444445,0.6783625730994152,90
boundary_status,touches_boundary,siglip2,761,656,0.8672798948751642,0.8058652961522981,0.9241573033707865,0.9454022988505747,0.9346590909090909,348,0.8294117647058824,0.8730650154798761,0.8506787330316742,323,0.7538461538461538,0.5444444444444444,0.632258064516129,90
boundary_status,touches_boundary,convnext,761,656,0.7884362680683311,0.7215787593635413,0.8670212765957447,0.9367816091954023,0.9005524861878453,348,0.7935943060498221,0.6904024767801857,0.7384105960264901,323,0.49038461538461536,0.5666666666666667,0.5257731958762887,90
source_tag_group,locomotion_with_stand_cotag,v1,612,417,0.8905228758169934,0.3140305387496399,0.0,0.0,0.0,0,0.0,0.0,0.0,0,1.0,0.8905228758169934,0.9420916162489196,612
source_tag_group,locomotion_with_stand_cotag,source_tight_pad,612,417,0.9035947712418301,0.3164520743919886,0.0,0.0,0.0,0,0.0,0.0,0.0,0,1.0,0.9035947712418301,0.9493562231759657,612
source_tag_group,locomotion_with_stand_cotag,dino_tight_svm,612,417,0.6764705882352942,0.26900584795321636,0.0,0.0,0.0,0,0.0,0.0,0.0,0,1.0,0.6764705882352942,0.8070175438596491,612
source_tag_group,locomotion_with_stand_cotag,dino_context_svm,612,417,0.6617647058823529,0.26548672566371684,0.0,0.0,0.0,0,0.0,0.0,0.0,0,1.0,0.6617647058823529,0.7964601769911505,612
source_tag_group,locomotion_with_stand_cotag,dino_stack,612,417,0.7238562091503268,0.2799368088467615,0.0,0.0,0.0,0,0.0,0.0,0.0,0,1.0,0.7238562091503268,0.8398104265402844,612
source_tag_group,locomotion_with_stand_cotag,dino_factorized,612,417,0.7075163398692811,0.2762360446570973,0.0,0.0,0.0,0,0.0,0.0,0.0,0,1.0,0.7075163398692811,0.8287081339712918,612
source_tag_group,locomotion_with_stand_cotag,siglip2,612,417,0.6650326797385621,0.26627412495911024,0.0,0.0,0.0,0,0.0,0.0,0.0,0,1.0,0.6650326797385621,0.7988223748773308,612
source_tag_group,locomotion_with_stand_cotag,convnext,612,417,0.7679738562091504,0.2895871842267406,0.0,0.0,0.0,0,0.0,0.0,0.0,0,1.0,0.7679738562091504,0.8687615526802218,612
source_tag_group,locomotion_without_stand_cotag,v1,58,51,0.9827586206896551,0.3304347826086957,0.0,0.0,0.0,0,0.0,0.0,0.0,0,1.0,0.9827586206896551,0.991304347826087,58
source_tag_group,locomotion_without_stand_cotag,source_tight_pad,58,51,0.9827586206896551,0.3304347826086957,0.0,0.0,0.0,0,0.0,0.0,0.0,0,1.0,0.9827586206896551,0.991304347826087,58
source_tag_group,locomotion_without_stand_cotag,dino_tight_svm,58,51,0.6724137931034483,0.26804123711340205,0.0,0.0,0.0,0,0.0,0.0,0.0,0,1.0,0.6724137931034483,0.8041237113402062,58
source_tag_group,locomotion_without_stand_cotag,dino_context_svm,58,51,0.6896551724137931,0.272108843537415,0.0,0.0,0.0,0,0.0,0.0,0.0,0,1.0,0.6896551724137931,0.8163265306122449,58
source_tag_group,locomotion_without_stand_cotag,dino_stack,58,51,0.7413793103448276,0.2838283828382838,0.0,0.0,0.0,0,0.0,0.0,0.0,0,1.0,0.7413793103448276,0.8514851485148515,58
source_tag_group,locomotion_without_stand_cotag,dino_factorized,58,51,0.7413793103448276,0.2838283828382838,0.0,0.0,0.0,0,0.0,0.0,0.0,0,1.0,0.7413793103448276,0.8514851485148515,58
source_tag_group,locomotion_without_stand_cotag,siglip2,58,51,0.8103448275862069,0.2984126984126984,0.0,0.0,0.0,0,0.0,0.0,0.0,0,1.0,0.8103448275862069,0.8952380952380953,58
source_tag_group,locomotion_without_stand_cotag,convnext,58,51,0.7758620689655172,0.2912621359223301,0.0,0.0,0.0,0,0.0,0.0,0.0,0,1.0,0.7758620689655172,0.8737864077669902,58
source_tag_group,sit,v1,1049,744,0.8989513822688274,0.3155957161981258,1.0,0.8989513822688274,0.9467871485943775,1049,0.0,0.0,0.0,0,0.0,0.0,0.0,0
source_tag_group,sit,source_tight_pad,1049,744,0.9189704480457579,0.3192581553237291,1.0,0.9189704480457579,0.9577744659711873,1049,0.0,0.0,0.0,0,0.0,0.0,0.0,0
source_tag_group,sit,dino_tight_svm,1049,744,0.9418493803622497,0.32335133366061203,1.0,0.9418493803622497,0.970054000981836,1049,0.0,0.0,0.0,0,0.0,0.0,0.0,0
source_tag_group,sit,dino_context_svm,1049,744,0.9351763584366063,0.3221674876847291,1.0,0.9351763584366063,0.9665024630541872,1049,0.0,0.0,0.0,0,0.0,0.0,0.0,0
source_tag_group,sit,dino_stack,1049,744,0.9494756911344138,0.32469437652811733,1.0,0.9494756911344138,0.9740831295843521,1049,0.0,0.0,0.0,0,0.0,0.0,0.0,0
source_tag_group,sit,dino_factorized,1049,744,0.9437559580552908,0.3236880823933301,1.0,0.9437559580552908,0.9710642471799902,1049,0.0,0.0,0.0,0,0.0,0.0,0.0,0
source_tag_group,sit,siglip2,1049,744,0.9380362249761678,0.32267584849975406,1.0,0.9380362249761678,0.9680275454992622,1049,0.0,0.0,0.0,0,0.0,0.0,0.0,0
source_tag_group,sit,convnext,1049,744,0.9084842707340324,0.3173493173493173,1.0,0.9084842707340324,0.952047952047952,1049,0.0,0.0,0.0,0,0.0,0.0,0.0,0
source_tag_group,stand_only,v1,1831,1186,0.4707809939923539,0.2133927466270578,0.0,0.0,0.0,0,1.0,0.4707809939923539,0.6401782398811734,1831,0.0,0.0,0.0,0
source_tag_group,stand_only,source_tight_pad,1831,1186,0.5527034407427636,0.2373080079727987,0.0,0.0,0.0,0,1.0,0.5527034407427636,0.711924023918396,1831,0.0,0.0,0.0,0
source_tag_group,stand_only,dino_tight_svm,1831,1186,0.8989623156744948,0.3155977375131819,0.0,0.0,0.0,0,1.0,0.8989623156744948,0.9467932125395456,1831,0.0,0.0,0.0,0
source_tag_group,stand_only,dino_context_svm,1831,1186,0.9011469142545058,0.31600114909508764,0.0,0.0,0.0,0,1.0,0.9011469142545058,0.9480034472852629,1831,0.0,0.0,0.0,0
source_tag_group,stand_only,dino_stack,1831,1186,0.892408519934462,0.3143819143819144,0.0,0.0,0.0,0,1.0,0.892408519934462,0.9431457431457432,1831,0.0,0.0,0.0,0
source_tag_group,stand_only,dino_factorized,1831,1186,0.8973238667394866,0.3152945691805796,0.0,0.0,0.0,0,1.0,0.8973238667394866,0.9458837075417387,1831,0.0,0.0,0.0,0
source_tag_group,stand_only,siglip2,1831,1186,0.8940469688694702,0.3146866589773164,0.0,0.0,0.0,0,1.0,0.8940469688694702,0.9440599769319492,1831,0.0,0.0,0.0,0
source_tag_group,stand_only,convnext,1831,1186,0.7170944838885854,0.2784139100932994,0.0,0.0,0.0,0,1.0,0.7170944838885854,0.8352417302798982,1831,0.0,0.0,0.0,0
