image_id,split,label,label_index,bbox_xmin,bbox_ymin,bbox_xmax,bbox_ymax,image_sha256,annotation_sha256,source_group
p1_00305,test,walking,2,14,5,297,435,f60a5735263ac2e68ec0c5caf77382c82444a87a303e75acad7e92fefd1ec6df,887d3c7189974a831c12849a25aac2403c21c0c9622442845c1aedfb1c132f25,source_p1_00305
p1_00819,train,stretching,8,113,104,268,491,f465497f3e3b1d0009270df9c3e4de3f4f62dd2e8134f2b11d98dcabb2bed816,c64bd70b4303963c994f49fa4a92cf91ebc02f6dff6ffea5eec69435f34e1b51,source_p1_00819
p1_00887,train,stretching,8,33,0,89,162,f93f2e5fc4fc00054b2e7b2f21c53ed878d0b6474b0fc8f32976cfddaa6cf17d,b85821098fa9c15695669e5fe618cb4756030b233b51a1073fe25e983d918b90,source_p1_00887
p1_01038,train,walking,2,157,23,247,341,111c0f1eb51a9f17c29a253fb8405cf501ad6a49e3fd47b88dfb42d3e42fa729,ba1e70b9157e812cd693a0422cafcc48aa37703a35d4f5da8b80770487182166,source_p1_01038
p1_01059,train,stretching,8,99,0,243,464,a8bf5517d39836e4c2035dca92e5d7d1cfab25a4432e2b07740430ccb5c54632,fc037318fd6457b7542689d105db44e584862854a117cd645ebba2cafc27e16b,source_p1_00887
p1_01131,val,jumping,5,288,13,504,265,1eecd3ab33dbbd678343159086a0ef01860a7f8b6d226076d33c3122b820580c,ba3193837e94a8d4efd1fbebc4041471572b9bc48d9ef1083461139599e48125,source_p1_01131
p1_01165,train,sitting,0,46,107,371,445,c3b833853f3445aae2720b3e621700e2195cceaf3660f30e43ea836a3c9d1c62,4543f4f44edf4e5135dc6fae85e9ee46d0b571bf1936439999f43a8798e39313,source_p1_01165
p1_01667,val,standing,1,229,172,277,309,7b47106975871c6849bf16a1f270cc338353cb6c3f6dd3b7959e5ba86d6fc011,2dd0f60c96550b706c2d0800a6419710a46d67d606a774e18156f94feecba995,source_p1_01667
p1_01757,test,stretching,8,57,21,233,410,47841d37e2b26494d73d9558e18ab5bdf9a08e098ca59650f4f81b9689c7eccb,08a8db3f09c6f9e95220be1df6bf0c20f488310402358b2ff709218f12e9f51e,source_p1_01757
p1_01760,val,sitting,0,13,50,396,505,10a0df8a968564d76b0a8501f3e262a5b41c7a2200468c3d9ef1b950c0b6647e,d436962ad1dc78995dea36bdbdf68bb84c87d03bbda58e6a1975ef9d61c699e2,source_p1_01760
p1_01905,train,bending,4,115,123,366,560,c2838f595c5523f9eb0a043cab9a612bcdc796e91a67f34ad1d142bdf12b92cf,6b00036c2c200f10b3ca3070786ec6add42c0ef88845b389e0a6ff713262024c,source_p1_01905
p1_02145,test,jumping,5,44,19,262,325,41e95868ad69b301b3e93c5fdea1169cec34a54f6f78f3e9a59e41ff76552130,1f30d8f2ca0e2549fefb0bccbcf57b3c52dab22ee666e3ebcfd0a3c6eaf5e4e4,source_p1_02145
p1_02469,test,standing,1,32,175,95,385,1572a34526c3158104a8fa9c5296f2818ec019a021c56b22685799f9b8ca0312,2e68147708654caffafe95beb3b0cbd316e96c5159ae02ce50cf40d2a356a8a0,source_p1_02469
p1_02676,test,walking,2,90,44,301,444,108c1671f345adf640189a0cd417258f965ec05fb381e4378f6ff8d511eb3787,fa7ab943b181b98c7e058c61334b191d8f48d20a706fad07f9c2aef4a632e9e3,source_p1_02676
p1_02891,val,standing,1,172,36,284,392,1fea35c3e0aaadd5fc8e5a6de73b2a55a504a0f470a8b00f06fa702ce249b72a,0c606375a60adcfb53b046001ca707ff2ee158450771d536459f14aff4f400c6,source_p1_02891
p1_03491,test,walking,2,57,8,245,513,4a876abd4b6a06ce16f5dd07e2cdd5f443d389ecb4b425e57febb5876a92e175,1835a97132e34b8c535325e67a403c4ed626c3e6a0debade32191421ba6b5ec2,source_p1_03491
p1_03535,train,bending,4,142,102,239,335,80df809deabac0670397f984b4e4bd3046bc3382122668a13e69692c51d8f568,868de67f64ea97a77ea6499a87ede88c1086ea93e1147c92def556e0ed140d78,source_p1_03535
p1_03578,test,standing,1,36,186,96,395,82b90ef2f2c53f6e7105a24373a052bea0f62fd42d167145adc7f043dc852de8,94bf3bf155dd78283df49f3e71a93356ee5f53e96948bab95ab728e5a482119b,source_p1_02469
p1_03588,train,running,3,88,37,238,381,0a1ecd6a11cd0bef4268f4f7c782ecd44954d7cda1c54ce651839969947bf2f8,92adf8f24fad37b183f4652c4a41bf8ff0eda508668c8a8ffd24affd18b3f2c3,source_p1_03588
p1_03611,train,bending,4,190,0,329,199,b12ebb1df68a03c4f24253531536fa80be7ea1a4ad417fac4336f3b34cd85280,5c3427c8732fe14c9aa27275dc4f07c884bc9787f32c714be59bafb011376800,source_p1_03611
p1_03657,train,sitting,0,8,55,363,559,241caa911605c6acaa9aa50a2fd4184fcf66195f94d4079f0527a03151f7c8ed,d62189fa0a1a274ed2287bdc266c7a576e6847f1c4eb792aa0d0b1cea160f99c,source_p1_03657
p1_03681,train,walking,2,82,53,225,506,a48a6e41c8c38e7b9b5afd3076c6148f9de024b72017e78a18b39dfbbdb933d9,9c8ca71b63cd8f384b112640ea5835fd6c3e7df0fb2438e2fcc1b9c96a239483,source_p1_03681
p1_03844,test,jumping,5,105,54,386,442,6f7bf3e4387c645b2e66945a76b7ef170ec06191baa4c8bcbe5256145c7d7179,70eae9780e1dff9dfd770e1b8abbd9a36d832c56cfee846acc8be93fe42d9e8c,source_p1_03844
p1_03924,val,walking,2,206,20,333,431,9db580c3dbe12f784ccf5f52cb49657e46f700fb565a8e9f1362d0af5437f106,8587544c49032824788108f9651e0a609e9d0e0c742c21351f81b58388041cf7,source_p1_01038
p1_03957,test,running,3,79,27,212,312,7aafe1cbea4e7d663f2dfe407f198a22a7ce7f5980525417f91e3e53b7be25d4,d98d8528b124d36847139ae7e972caf765b37660c2a093b8065748be92596edf,source_p1_03588
p1_04088,val,walking,2,97,50,354,534,5ca2cd977822f740a12984aac378d10b4d632c8b522e12ff44fa68723c98b004,54c81ee2de06de0e1a9e491f40642add6d9d83b5386f6de97d334029492ecabe,source_p1_02676
p1_04132,train,jumping,5,48,9,247,391,ba9c5931bdf3c9672bc767923d936250e3cc06f75bdce4fb941ac42020197e2c,98dbc42ccac67fb304a50dc99813549e1a6d3062ee7634464de7bd01aec704f1,source_p1_04132
p1_04172,train,walking,2,282,117,332,280,fa0250c6a3acdc73eaba905ccb2543b6c3010c15ab889cd43d1fa663e097ccd8,fb20ed85dbb6b63a9166e8c692ae7917d5d7ed00d856a2c525fa548287d6dc10,source_p1_04172
p1_04237,test,stretching,8,110,73,498,295,e52d03e66ce753982e7d9db5ffd69fbdd2d92cf3ab450562b328fb5369deea14,e4e7c17a550c05e10a2a8f24ce831c589841af132772f4e0ca8413c49b083351,source_p1_04237
p1_04387,val,standing,1,73,60,272,594,62ddb57b3c10a1ff23074461752d13db33ebcf301a1bf7531894f86504f3880e,22ed38e030364b9746c3b026959c9f492c00909b37a85bcf066cfd08f440c6ec,source_p1_04387
p1_04404,test,sitting,0,330,79,554,409,7bbcdf230bfb6abf93844aba19ac1e25e0b89762591ba4bd85f3c3e59f706893,a46e6f932f4d1f343b7e4b93a0d2ed11fb8b7a4767dcee93a8a2b453e845aa70,source_p1_04404
p1_04828,train,jumping,5,175,3,289,438,060c69ff3d0168c8926c0723df5eb061f2b0b3996eee5b127fd6ff8d8e70709e,2b6cab17685888133617dc6d5a9a2d29db037a96ff110c9126a63b7d18d9acdd,source_p1_04828
p1_04831,val,walking,2,99,56,258,594,20ac7839edf768f859831538445807e6fe30e3f93b50b5eec43b89817725172d,d5df59a236740530af6198236cf7b8de2a3c05f1795c02b28487dd0937b15131,source_p1_03681
p1_04944,train,stretching,8,238,4,368,338,f55a6e0b569e93fb1a0dca60e84f08c65797f509e37300473ef0b665db9d034d,ee04190dd2332fd661bbcd770502390bb7d011108813ca93b1030603efe43c84,source_p1_04944
p1_05016,val,sitting,0,64,82,339,594,2a60a5a638b40e2634b57e27ea4984361d350dd7b96b5d85615eb3354571791e,737e07a5698c682895bb2499905deb31f3297d628e8ddd6f052968fb80509295,source_p1_05016
p1_05026,test,standing,1,66,54,271,594,e8b985f5ba9168b457923ddf8cf7c492fc5caadd8f9efdde0503e961f270553c,d36fea48d5c5330fff4fa2caf58066a3bd724b4004c599b243a9c4eb43dcf691,source_p1_04387
p1_05213,test,bending,4,6,125,194,386,9ea082f361652f325fb07814f97bdf1668a3db190863daab27bb534a5b65be17,a4d85637fa83f2b9481b7407dcb1176804288041753303e815c315862aa8e676,source_p1_05213
p1_05272,train,standing,1,201,19,372,359,1888712f6115f1bba99d77503d8d95271406d47eb7077dda452f0a979e8f332a,64609e83770bb80dfe2ce44ebada9b162c774cc4dc91cfebb7ee66fb4579d5f1,source_p1_05272
p1_05881,train,sitting,0,196,22,483,549,a432470063f60b548c41be56c73b898b3ce55bcc52d922519c14cbaefe1db3e5,7928fa8ec4613a3b33fe9fd49c8896df7f082380c50cc573237f5a51f0023f49,source_p1_05881
p1_05892,test,standing,1,233,101,381,510,09705d387763a75098b1296436734715254dcee68c96e8354dde71b2d5831b26,e5ed6500df6e343c9519f1b83dec07f2fb2f033312500b841c2bb54a5f0f6e87,source_p1_05892
p1_05934,test,standing,1,151,33,246,329,87f3ab01612c4b6f33348af84a3a888dce23d0c18c44061ea74ed0a78a804372,67cfce1579943999d1e85eb04eb509bb8b01ef60a61b58db713c23343347db2d,source_p1_02891
p1_05980,val,sitting,0,111,62,286,509,498c1121b85a7fd35085842fc4f89ca08ee77e3b899c235bfe492edd74267f5d,f8d967a67a42d5882e52e3bf12d895d4481fa83a1958a356afd4381bad2a10ec,source_p1_05980
p1_05991,train,sitting,0,0,68,358,584,75d1498e29721487f80b4bc4ff8074528fb6a62bba2b2ac05fc06d274d563d02,027ecd68ce46c06ad046cda548c8572cb618b318f6d9fb14346215ad8b857765,source_p1_05991
p1_06016,train,lying,6,119,55,279,401,f54f7375ce6ef0dc3da4b38396dcb3b739dfb6b8022e88d3ae15c67d698e442e,d4577b0e497abaaadd23bcddc13a2c20291907a405d2f27d30af299db359f1d5,source_p1_06016
p1_06059,train,standing,1,193,164,232,326,249eb19c9d7d12d9157d1d262bfc00725160027f133cf8894b235d11e18de37f,6dd7b8fd228a332f53ba4a7a8729c6bb1242acccbe5c7ed97fc3e7cf557b8d8d,source_p1_01667
p1_06145,test,jumping,5,82,248,349,396,1a497aaa84672e910622e4503e7b78e6c05b3557b717c2e765c6b23452b94b39,248acc985ffe070721cb75143249e77058ffe10296028adc250224ffddd87c15,source_p1_06145
p1_06152,train,lying,6,9,213,339,435,b7dfcee9b9ef150329b9318272beba3d6fe464f74c7fa689237709dafd61e3c1,d3a9e086d4cf4018bb97db068feb3f2c650ec4e99bdbd8a19605c6585f8b154b,source_p1_06152
p1_06161,test,standing,1,31,47,299,589,6e7a82cabb2bca43809f9ea9d6ee46342f4604b83f25892461ba082606c389fa,110017a1c57b7c7363a977f4119ac8642813632282d1907ca64dede82cfc3e58,source_p1_06161
p1_06197,val,bending,4,11,28,309,507,a50e7137e2f226c6f6eeb4ffd065a77e5d3fec058b66007ebdf92d81652053b7,40e9212e62cf2eeacbcf2ebee6b8eb1b14016478e4951ae2aaed9674d7e4e285,source_p1_06197
p1_06375,train,sitting,0,87,97,237,328,1d323598b230b820f87b65e202e78e9510e5623191b87d3f561c43b316b8ce44,25d839fe2dac3f8448f11e912f480f9f183bae6020e4b71d65d2f28ce3a6a934,source_p1_06375
p1_06433,val,bending,4,202,82,334,429,6e6a468a98a81f95a433d7a75a0443b0ada1c3dd47022006cebc4e74fe8d6455,d273cb9ff94ff57c929fc12a69914addac37adb62975d7c7f082091b49125503,source_p1_06433
p1_06653,test,running,3,205,157,288,373,57f44f9520059ed8759e93e22c9b86c4658fc6386974e261c8015b2b9e94680c,49dc8c2f467c1da110b7d2529d23b6a44440928c9672d9a1776996b1a10b142e,source_p1_06653
p1_06841,train,stretching,8,7,55,102,147,a3128887f7a6bcdc8910700562649add619f17f123bcd2c02af9870aef7cd695,f22110e1b08af6f08af38497eb17f07fe92cc480a59af9525be3764510ebaa7f,source_p1_06841
p1_06927,train,stretching,8,195,13,413,304,8363f377ebb7edc76417da9990552b049bcc8944072b23add21fdbee2bef73a1,f2e445c8d8dcdad770c41bc070cee9ab3af2495a090a55f647298407145f8ef0,source_p1_06927
p1_07140,val,sitting,0,87,20,356,530,2e806681becfda36eb6927626d6dc49be71dd4bbd8e98ffdabdb5613477f168b,3d892156bb3cfe5998ee5890373a59b1baccfa98216a071e8bd25a671b21f543,source_p1_07140
p1_07180,train,stretching,8,25,32,151,105,562b7eaba0e639f8fea93d1a2fcc2bc3ea5df72c5b233ea470d65532fdc42c83,3d1c3f147424683121dcd9920e0ef49e5f96d5a136d533e7aa0f5ead80a860d0,source_p1_07180
p1_07190,test,stretching,8,57,150,300,367,294657e6515a04a79760c6df62462e0801ceddc622ad034ae586ecd27d10c7bf,24b8ba14d561d388dce97b84fc1ed8c7a3028291cb4f6a100a8c2da09945b83d,source_p1_07190
p1_07242,val,standing,1,108,18,240,388,47ba8ac32e979f01d87b8e4fc2fe7a7105cbb4725e5f48aaad915e5236f0223a,a33235bf0ead2b210ca7bd6d04a3bc92ba6b6a287edff34e56dcb8a0c94041f5,source_p1_07242
p1_07440,val,squatting,7,31,173,201,461,48db5428001216008cbdb749cdc4d6ea44164ce66d8e72cdcc8415678e9e2b4c,3bc33bdb543062750376301c6198d609d7b673f331e581d714174f3dbddfd520,source_p1_07440
p1_07487,val,jumping,5,378,134,506,286,d2667d8efa620c295e2033b88d8b3cccb22861fb932a93ee6a9240cd4a4f4c41,8672a4f36fca74f7f9de6635a304ea475278d0671b5dd4edd15189729aed6392,source_p1_07487
p1_07797,train,stretching,8,51,12,128,72,dafdee569d37d97791a024bccfc964e9b643b26d8f4d61cc2555d14d32ccbcb7,91fe8c91afc62da052c3919621812b79b9cc08ff3657c2eabf6ea16dc114eab9,source_p1_07797
p1_07849,train,squatting,7,48,153,209,481,20e441b1a885217e16bca870abcb2cfabf7e0078a14294c1454630219feb97f8,e7df9561d0beee19786c1052c4c1b67ecf336141caf43619fccf1071f652d504,source_p1_07440
p1_07949,val,bending,4,118,112,268,333,cf9da19dcb0ad7b1f73d716f7f03c2d624ace2bd54c7908947e1d1d0630f8861,45583bba94672d67d81875a4507c0fa60e0dc3c5c0ebb95a41782f9912a0ed1d,source_p1_01905
p1_08105,train,bending,4,250,93,424,563,8e65cbb0d87646e17147c84c400032ee719da1291722fba80a0463f4db633826,2da6180360f5813a36353bc3c4f91fe354d53149da1ceae5b51f82eab678516a,source_p1_06433
p1_08286,test,jumping,5,39,3,281,443,fee0ee74c3d9c72a7cf9bbc09db792643d1b1e1a32d89e59081be1a31618b405,10a336c78de8c2c2bc52010966d73306dd126e152287ae4bde53ae73b5029c8a,source_p1_04132
p1_08322,train,standing,1,253,63,480,386,de42e58b49864c5b5b35b839b2ebeed9d7e3efca2f0f4ea8be075abff8df2160,41306f8e1fcc201789d76bd4bf9b4df1b0811edcdb4adb801b8e4d7e24afdb3a,source_p1_08322
p1_08323,train,sitting,0,29,76,383,522,8ef461d9c6e6312752bb9e042d9703f78db0e36d65a10232817fd21a84300ed0,8c4c698db4af2cef646afef7b6c9fac79d5cea3c9999c4d04d4131e9503bb966,source_p1_08323
p1_08423,train,running,3,137,72,262,436,13761a631d6f3955c9e35e7c0d0e28405a859081b915363b621afd9e0efda32e,3368cd5ec2dde94d6902da35ea5213cdeb828b1c6f69d54d4c87c2801c0fdb9d,source_p1_08423
p1_08487,test,bending,4,197,22,334,202,15351ad93ff91582c217a7dc774d4276c972cbe5a832d353b34bdbcde9b520e3,82c02da47cbd47e79e3e8539684cd0957c5224aeaab56efea3e8a25a202d2cd5,source_p1_03611
p1_08813,train,bending,4,37,75,316,404,6b8d7108eefb4654e18ffb55754828ee2045ca82ad972f9da625bcb56d87b591,e9baa14fe50ced23e2026d9da7d57807a456ec9eb47ffc0098cd1c8f68c486bb,source_p1_08813
p1_08839,val,bending,4,117,119,284,359,9f4b0a8bbb9d682a7cee80da29775f5de93771c260d8d7d4962f89ac0b3bbff9,62124b040b7afda9e7a45b8656ffb95163f53d8f91072e6d6eb09c3fb77f919a,source_p1_01905
p1_09084,train,stretching,8,232,161,283,274,888b2dcb036fef6bb708a685844577a1efb6018383a2ec4fc9fbcdf846d6b184,5510340bc33b19b93f87e781720b4053f6b520e55df34794907ca55daa237c06,source_p1_09084
p1_09200,test,bending,4,154,117,362,594,99b893132de2e9cbc8db39d040248afc842fd87454ca747d08331fd8b44a5c50,c4473d41c97837ba892fd851e2671dd139677f6393369d8e9357e226a22fe5f4,source_p1_01905
p1_09239,val,squatting,7,54,12,402,427,f331c989ab93eb84e7596cbe35cc91d474515c70ccea5c32936f8c1d615a8b68,217a0b7b88169983ced85752b9254ff62bbc18a95907cbe58c90b1d7a3814467,source_p1_09239
p1_09325,train,sitting,0,68,87,348,594,03ae456b534cffddb4f9f3c6dbc0586658bc0a193e1cc27addc3cea6f2fc788d,b2647f86f99b0cdd62789dfbf9229b047912c27e1940d13e358fdb4e8f21e609,source_p1_05016
p1_09328,val,sitting,0,184,80,330,292,ce3e4bf91338018b6cce5d7aa8cc22fa0dfb3cbbc2bb6e61203e610919162b6a,275a0d82795a09582b5b63b0d5d6cd7b4db93fd1d1a6b1bbaacd8ca964d067fa,source_p1_09328
p1_09409,train,bending,4,124,20,326,426,56620dcc1bcbb18acc1ef0045b0aebfc2b6219960c327983e69ab3b7a3c640b9,bfafb1b033848d092658fb613c803bab4da6a18a4321b167d5d15f78fb79de5e,source_p1_09409
p1_09469,val,standing,1,64,44,316,406,a2a8bdfef516d9e9c882e66471c8b70427ede7e33d45ab8bc51a175fd9d74143,262fcf04c53cb0765943b2abef6dc1ca2a75ed56d7099aa09d264eeddce21e06,source_p1_09469
p1_09525,test,sitting,0,30,48,367,508,c818d4afddb0e9e06a1e637797dad1098b860a235d03db2d1a2564b7f7baa550,a9824372ebf85b4cc68b4a54cca1e77e696335db41ad36a8b01ef366930f4cca,source_p1_09525
p1_09545,test,standing,1,10,61,290,410,d7bb194480282cfc8c398b75b181dd1eb44df4506f3d4b870abeb3a33e0944a0,f0df36b9552198bb817df9282e1bf16af44b6ab6d956afab96517832823a8751,source_p1_09545
p1_09935,train,sitting,0,98,25,362,376,b257ea94ac331693346800572969e5ca9cd0ce47bef49d00a8c5fb1f7dc00e41,ce26fa01af8da6dd809dd5b08651d9edc8c414bbdc7b1523d75e7356d72cd88a,source_p1_07140
p1_10408,val,jumping,5,310,114,438,279,3590c59b8c1d86389d3ac79b02a8e5bbe2d386d955adb91177d4027ae8ff2714,6e8cc47ad02c4372ff30223fe6299fefbc580a5a54f7a2d11a8706340c75ee20,source_p1_07487
p1_10482,train,stretching,8,48,16,87,162,eea9fc23a52c53d6f7153efa7a688c0a8cb69e37b39be74b3368f7c1b8233ff6,6710a19f07d6db9ab6915c4d3361a0ecc2cfb4539d72a609c88930a2e7b5879e,source_p1_10482
p1_10840,test,stretching,8,30,34,92,170,8a563d3ec6ff5e920cf7c22afe795db6160628eec4a019135a59bd1b2e6591de,8d14d34444eeb3c2c8bdb4d210136b904f23651e05349c52c193836a5e219f80,source_p1_00819
p1_11092,val,standing,1,194,30,362,359,e4c835e92aa330e5a613322b732c658aa8ed3bd49d331bc53f10c0307f65e3fc,c6e6823d923d96fe153da1220f4c6a06607df023bb08d9d72a41b46852c2c18e,source_p1_05272
p1_11148,train,sitting,0,153,2,511,393,791504e94a0fd2adcb5c4d84841911c49c7abee277b0f7ca419e88558266ffc7,24e193c4252ed52d9dddb719cbf742d6eadadf8aa90d72e76bfc9b5e7a8f0fbc,source_p1_11148
p1_11307,train,sitting,0,3,199,272,568,5052c4cf6869bbc9633512b0a8a8970e32281b726b180e1f49b879cebc072b54,732f12bae27e50dcc8704fc603a45d7e0c4d398bcdeba443ad932048636c865b,source_p1_11307
p1_11330,test,squatting,7,38,14,279,364,9b58f532d6bcd7419b9582d063bc3738967c2e511f947d27eea3a8a4ef8770f8,1de083e45b29b4077f324a28d8dae8423885eaf40075a61b808ea399114dea44,source_p1_11330
p1_11429,test,bending,4,192,221,487,552,6e8edf7397edd0502c65fe8dd01799fc3e988046ba97820b01eaf544a8a5613c,d0a5cb69e0bef33ea473068b3aa9528f596fd21d1ea85df13c39e7243420295b,source_p1_11429
p1_11583,train,standing,1,61,39,308,482,10ffcaf18afeab8143bc3d144da8b624d9ea4934f0f3f5c79328f7358abeb97e,2b6ef1ece032ad67892f9e5d97cb56be07857c2df983bc6f67bd33d228206d3a,source_p1_09469
p1_11607,train,squatting,7,96,30,303,445,d756a5e357539b6bde4c28560385db28d13511408a494d2f036e7d2fab29bdc6,f137f48e50aab904870fec3190f91d35a78970d0677d5fbd561529acf6103212,source_p1_11607
p1_11627,train,standing,1,22,73,343,580,c289059453cf9f55b024c72eb26de3c067cba047c347db87d261606381be8032,69d3a2e2a1eaac851cc1d121c68f4fe751046699074cd6731911e889a7645dac,source_p1_11627
p1_11870,val,bending,4,35,104,334,453,36fb2f7dc9d4a82b494599a2ed8b998fb731dba6d09186f20977b5e323510337,2fe374c5cc514278909ff94382c9bc0507716718a09a1eb71187ce33d8097c80,source_p1_11870
p1_12110,val,sitting,0,99,107,288,409,761195ddabe9e0b3f1530488576f4cf087ef547c901ee5b472bd90849a407bb8,e2ec0d68f1719fb6245817208a1a5bf8da65a620b4a99a96609c61b07eec5bba,source_p1_06375
p1_12235,train,jumping,5,36,6,274,354,fb0fc9b3b05a474c3987920431e72ec9b90d39f6350a4f3e957d900a9f5ba2f4,8df7ebbb47215f3578f3f1edd57987c474610ab854a4e209396c4d30278ee866,source_p1_02145
p1_12489,test,sitting,0,129,43,336,495,5a06f82fb9804c5b2e3de97cc32acf4706c1bc9eabcd4ac41a3298aa1152c4f3,5e2f0f80022db8aff63943659a607cc85e15c6a05441a923fb0c195b64719d76,source_p1_12489
p1_12524,val,standing,1,48,92,311,513,77b42c488b940f5e6d4cf4b4e531c64237f6eafd8fb5a198413a9bd4d89092e0,47bb806a4fe8067f6db8e4edd9afe25e31170d9ee183e157c4fc2c1649007f33,source_p1_12524
p1_12735,train,lying,6,7,23,129,81,818422c16b0d9ad88811c61ea9885b1a23b800be59022589e65cb8709a9718b9,52a12d1be6068b79ba485460342d40376622ea1f00662835f33d35d51602dfbb,source_p1_12735
p1_12838,test,squatting,7,0,6,355,378,f2ae5097642a982f39f323782c1a7bee2db903f18e10e846cb0aa7ccf53dc47d,4d69332f2f06e4ddc51d11a845c0c637ea2524acf54a3e454e067d18e76b8050,source_p1_12838
p1_12841,train,lying,6,17,20,175,444,006fe21d94d76d984671005146e23c38004304adb7648be6d39d38b9f9ea93e1,150fdee3102bcd21400881fbfe050b7e334a9fe3eaba8d68f7e556279431e230,source_p1_12841
p1_13045,train,walking,2,23,10,342,507,e4368a95dd3f4db1e9c1de2acc556fc3933261af83c495b478913f466bba82b3,7b8e39271e3889a4440dd85a7e13c3ccae31bf4a97689b4323994a6c7df1f1f1,source_p1_00305
p1_13639,val,sitting,0,163,1,507,396,059e699ea8f01d86190effb439309d56a3cf20c2d0924b671dcdc92852c12d40,8914a4f15b348c23726931d09b556da132747a63db65e4758c5849d381cd1b1c,source_p1_11148
p1_13751,train,squatting,7,29,9,122,152,5afaac7fa66f02ff25bb70c88d8bf0cefce78b17a64c4be2748325221a4b635b,50841580c6c7e06e1042c93ef2641e23341fdae6ed7efff58827f6eb2d13b996,source_p1_13751
p1_13959,val,bending,4,144,13,508,339,20332791a326c63a606f971875597bedb80124b354e11e6bb3d201cf692f9efb,0486633dd4d68c2f2f280463cc5b5e1328c50f99d3b9ae8df02eea1a2a9f6986,source_p1_13959
p1_13979,train,sitting,0,340,75,544,406,d6cbba543e338d6fa7b4aa4599dd853834fc08048e8ea1e1fdcd0dc6971aed45,7231bca11914e48e7240c6a638c177b6e87a7dfde32491d6ba0837b2e7d53c97,source_p1_04404
p1_13984,test,sitting,0,17,93,379,470,5fbab281c83ddb94dd44e1a7dc4924ba0ccba4b2789e36a98242b863bd627629,845582ad3a4af4b6650a93d5bc4b94392de004a571e96845801efa9361de8de9,source_p1_01165
p1_13987,test,jumping,5,138,2,229,352,f6bc0b943d1b87d9646a689b0ecec9fff97b74de0c423e123ca6920ebe2d9b2d,c3d64f74bdbb4c08f03238053440dd858e50d0b7c02f8145a955dddf19f33a03,source_p1_04828
p1_14161,train,standing,1,237,103,400,490,c70f336bc83900e4bd811c449e1482dbb18316da68de4b76a3beb96c1edeb118,69fcafade4b5028272547ac7ce7e90b9104f25209cb7909cfb04ddbdd9d74932,source_p1_05892
p1_14169,val,running,3,114,63,309,312,f0adc16b55e50deb6a5412fc261aa5aa2548d0e6c97d8769d1bdc1d49b7ecf4e,a5ca42c190b367420b41a147b63dcc404795f484faa84877baecc8c7c37483a8,source_p1_14169
p1_14210,test,squatting,7,113,22,245,284,18e08d95b9f1939c033e8c0d82a22a2a94979190d9fc2136de8511eb6366d40a,4d65b612a0c606b7eaac9e3358baed30a531b6388b543e251b74828793f761c3,source_p1_14210
p1_14286,test,sitting,0,21,48,333,506,81c039e3abbb9785f93be6df0e86045a2bf47fe5a462a992fcabc30c36383f25,0b7b3066890c537800fc883bc242af94404284f7175dbcdc809be520e017cb84,source_p1_03657
p1_14363,test,bending,4,18,51,206,339,cc4d8e3d110ef964559bfa5f44e4c4d7ed5f32cd9cb4a563a2ed398bf9c2641b,b8b7c0ec612efb3f865e62c1d0eed969e957d9094c7388c66118ddf3855d44d7,source_p1_14363
p1_14520,val,lying,6,10,22,95,69,a315e3c7ba6df503c0e273e910317c42c16f5565b54db555e495acb08b05ae22,73b789c4c9379ee55ea044ee6cfc528281c724e3182b8a0163dd8950eef33cea,source_p1_14520
p1_14682,train,stretching,8,17,20,157,113,bf4c096b52f6df659027832ec18faf14314eae352752929ffefb05983834f0b1,2bc436bec4b543b75f255efe52bd1811ab504823863df6ca2dabbace16223759,source_p1_14682
p1_14724,train,bending,4,0,0,330,415,a3718685b20ac83bbc0eccbdcdb0edbbedfe089e378a8474af1e624059c40ede,e704d3abaaa6b6fa0d8e7b85933fa4c5b49b7b91f193372b96b3dd88c72f95e2,source_p1_14724
p1_14742,val,standing,1,72,66,379,594,2bf9d2279ec5104597e00aa4220dd878fecec4182c37d77644764c818bfcb3ba,07dc5c71e8a8e5814ad4919bc31bc5476bdb8496885473fe569b5cb06b7b29f9,source_p1_14742
p1_14793,test,standing,1,260,55,478,384,869589d101144cd14884b74c06a8e989e788163a69ea00d54e9a70556ae11def,bda49f24408469f9eac5eb722bc8ece47fb46e07629df0e1a9a0b413ff56cc7c,source_p1_08322
p1_15016,val,stretching,8,18,21,169,86,f91bf5dee05fd6b062f2970d1c4dddca6ca76a223d9d5280658270f013493914,83d9a2616b6a47678f3f9b205427e01844ee5823c2718c6371eab5d225c21d05,source_p1_04237
p1_15063,val,lying,6,27,64,113,162,4c4973d1b2d0015cc018397ea30104d461ad84aa93664b4b01b3fa3076a12346,55a0fecc1056c7f97010ed4058ecda803275a5d7ecc116ba1e08a5cbc9f373a7,source_p1_06152
p1_15110,train,standing,1,38,50,311,460,ec4ad006a03bb7bd8efcb885960836b212f32c7e8dfac04158dc243ef862b828,09bd25819894a97b6425b5cff3e46afb93d6e3fb45ee54dfc70f337bcdc81682,source_p1_15110
p1_15142,val,standing,1,227,163,268,306,daa79311d2d58eac6717e33f98d5533d089eb583656a4fbc210cfa24f17251ce,4dcbb1e43339472b50f89feb7dbc8c638e9ee2c0a627e2c0e665d01670e7e938,source_p1_01667
p1_15157,train,standing,1,42,199,92,391,e28b4961baf141ce2e94cf7f01214a95ae2deb4f131606a62e2d6eb2ae6fa782,70251a31ddfa6a74d0c309ae6e0cbad4271435dcca40908aac0b50f37345a0d3,source_p1_02469
p1_15259,test,running,3,0,0,283,594,36476ba36ca8d69d933c24875b01accf041f56af66a1a6f8d469301282b2397b,aea32d86977b065d614c1a65c58711d7444781e7a4966d149d48fb0b58afa59a,source_p1_15259
p1_15290,val,standing,1,224,96,302,298,d910c4804f1b9a414260cce76542a23d9bc1626bff39a3034d8d23aac93d76c3,19c521bdad1611ca2c0cf3abdffbe8aca8245d729d5624cc8045ac0e4243ae2d,source_p1_15290
p1_15295,train,jumping,5,41,0,338,394,80c3e44185aeb1621d36c1997837c7bf65327c92f4b941aabdd0e7b5d0dab290,47c06a22bbb0b5cdcab854fe45f357a0785cfc42361c1344bd9766f0a41fcfaf,source_p1_15295
p1_15527,test,standing,1,83,50,241,440,c6664a6f6c189a04124986068fabc77a98f75ec032808d6e8ed474c729598cb8,5ed720fdb7bb81788d086db4b5abae386d61989a5a943a9dbb27c7746c122b71,source_p1_15527
p1_15614,val,bending,4,46,76,405,503,e92178cb88967ddda9590b42540c2f965555e34e084c99dd92fd3e92ceaa0ce0,f613ee4c5a048b1966694088b188764743aec6594abad873cb65ab86f3d45dc2,source_p1_08813
p1_15695,train,squatting,7,109,58,368,576,702f0af1fb25d28dd62c5e87b09e5b456aa630a2d161238aa5026522a0e25405,fbe331afe3bf4ab1e2ef0d3c45dff56139c2bf36ce9ec076635d5327b12ba967,source_p1_15695
p1_15776,val,bending,4,166,118,292,408,86f38d65d5c57df25bb75343d0bc466576db6f7622eaf84994a9e763ef888187,325f83a125960a18b317e1541ad8444563995edddda88323d7046a04c22d68bc,source_p1_03535
p1_15814,train,bending,4,26,33,317,507,c4c72c6e390bf632dd98a3c35bdabe285c14bb493919899cc7f6e1ecf844da5a,9c47f91c01fe9d7d5317e76e63df14dbcc55ec14013192fc16928588846bf1a8,source_p1_06197
p1_15915,val,squatting,7,22,6,329,321,db06294f4206cc8fd6878aca335852c7fb3d6bf0e6df53fb12b9e6659ef771e9,9d2b705d4fbf66748607d87a9446ad8b5430e8188af5730eefae5a48663e71b9,source_p1_15915
p1_15929,test,squatting,7,102,40,282,299,6c35fd05e31a7bce2f7a89360e2b13dc549ea3a539b28afa07c3e87649b5a0a4,46f1d9520dee782e7f5ce95d595ec6e37800c711f8fb9610f88c51a9e1b13a66,source_p1_15695
p1_16056,val,stretching,8,25,0,70,169,5f83420cf109d2384382c5067f1dd7d8eb600f7280fa1100644f1f337562e99f,10d9d2357ee4a6c19fb797e037fd77c9b90f8c6d251fce21b86d7eb3de44370f,source_p1_01757
p1_16069,train,walking,2,50,16,173,368,5e32dc548a24d469abfc9b0239fcf580153429f8eac405c9fb515a54d840f7f1,e06e0efb1e3db0510fb9611115072b9fe9ec74dbd21bf26caee3fbac03fc9126,source_p1_03491
p1_16114,val,lying,6,8,58,113,170,650b84eac8d73274af1e2ada5547dc42780e9bafa53a21e618c95950f944f311,fafdb0a7709592047e82e80b478f45b5d11450b882754131bb61142c9bbc3db3,source_p1_16114
p1_16306,val,lying,6,0,54,458,258,bdccc64f8cae8c010459447bf7e12d11d71ddd6dd1a88e9d0d8f48187de489db,ada76e064970d56ccc27b7318dbbdcbb51c79d132f26c88b52504c988d2315b2,source_p1_12735
p1_16585,train,squatting,7,41,10,328,301,f1969b4521aec4c1fded3ffb10e3ce92443c11eaeb94b0600942fa572ad8dcff,0922c867c37c1af6d582969f710c5329051fc04ee64bd7586b667bd165249c6d,source_p1_09239
p1_16717,train,lying,6,6,40,170,112,f65acb696939bcf90bedbc7333e458f89558b4d49ddec34496dab6e2c5863f93,3062fc6c50e09393ef8641056add8fd90cbf6d3bfeebc945aaa456f14eba8e0b,source_p1_16717
p1_16776,train,bending,4,116,157,330,395,7c890b672b559e9fe861ed36db400df24e2c2e3e6d0bdb48d78a054c7da2abb3,e922ab485fd64479b10b61ac312561d5e70bd7e08f2f46093c50020bac3c9c6b,source_p1_11429
p1_16795,train,squatting,7,243,106,313,236,3df918b40caeeabd1c1249f5838cd7125342e4106273fc2b33c1a21852df3583,e5ff45458a9b2d893bf095916b4e8ddcdf3173387bb78e074fb4bdaa54753271,source_p1_16795
p1_16912,train,sitting,0,87,64,389,593,9fbe55ebe5abeacd17f9aed4de5446dd271c132b51939c6e8239ae1372642f0a,82bac81817b8a02093e65783893df9d4540837fd8aa0acc3aa38a7b85296acbc,source_p1_16912
p1_16952,val,jumping,5,109,58,430,289,548c561302db082423a4491c284635cf3d5866339e1a0149a0fae0bf3ee5bab8,48c625c2729a6ea01b9258bbb17f90d5ac0622c5e1b41e38aac7396c0a5d6fbc,source_p1_16952
p1_17025,val,sitting,0,19,62,370,517,2b6811be1f39e5ac1c9b4179fa2e7e4d9479d154fb4452a1487113abfe1a660b,f3f92f1d636dd6bcb6bba9cc0fce7b54ae10e163d5aae68463f08edd8de770ad,source_p1_08323
p1_17027,train,squatting,7,38,9,86,100,13624d5c98b319438783750a8f9ce8a0ab941b4762c7ff9cc01213e76e828656,f7eefcd8194eeed4a57ff1985ead8b4502a90674540b5f1c954107b9e7bfee60,source_p1_14210
p1_17166,val,sitting,0,10,196,271,573,ae1c205afcee0121836f6e4467c3d3406fd3733e0094ebdc77e4c66fa00696dc,4402a7825e3c4888b099c7bb66103971f8f07cf6676d07a8bca04a750a24a7e8,source_p1_11307
p1_17176,val,stretching,8,138,49,430,337,094f6c05c23920790e401a3944adbaf285d7edce59665980699105ad7b2d00a9,f3ffc597f6fd67e1129b81c7531530ecadd17094c8e73d089d53bdcc1e306991,source_p1_14682
p1_17195,test,squatting,7,246,100,320,256,0e808a36e0a6c176dd54494f4112f0df2697a980ea4e6c02147daf40f8d0428a,0f551e6f4041786ffbd066db4f611092d3215cd401a953d752ec62cbe4aa7251,source_p1_16795
p1_17297,val,squatting,7,50,76,430,543,7d913207a9a41d8296b8cae21204afa008d212fbe77779851b4480e9e5ff565a,aa19f76428ee7b7d10fbcb0c07f85cbf12977063f179385286820107bd6e260d,source_p1_13751
p1_17333,val,lying,6,0,52,432,372,e9e98a32b6992d263091548ee92293af1329452e23ce7402478e16a2c435145d,9b1c60e526adf372edd23c275cd5d877dd9c386aa37658160eadf767864590cd,source_p1_17333
p1_17444,train,squatting,7,25,12,97,92,3f8ac1e413eef4c9854047bd09722828da18e333e0564e8c46d2bd84a9db6215,6462daf374868b174316e1cabf4c0259e0907e63d505e52b63597af14dc7f19d,source_p1_17444
p1_17462,train,running,3,117,56,242,281,86847023383390ffb34f54f85bb75e6ebe59a1d1036ce7839d33a6bb35f0f4f9,07f5e855ff90a6b1ef33de2f11ef7e9498514df36b49f2769e1e90648a799473,source_p1_17462
p1_17640,train,running,3,100,69,296,507,cf2ed8208dec68729daec2bf8c2f9aeea697fba9c2ee47466b6fb027ff1ea5c3,11ec311d66d5b6fc01da0fb0290088c3d6218184bf1df6329362e309f85a383d,source_p1_14169
p1_17729,train,squatting,7,191,106,329,273,bc750d4a04db610d54e9b1fc79923f1c406d9b8b91d281ee23b3b196e905ada6,ff545fef9e89403ed8255eb24059b60edab5f7885b806a26d085374f117ff1f1,source_p1_17729
p1_18234,test,sitting,0,101,59,289,524,e806b99cc4fae21c40b12b006fbe23a118966586d8a267ce517944d645b87d5d,17a695b73308567388bf481089fadc5038d9e4bc3e1d13c63b355264347d2efa,source_p1_05980
p1_18490,train,bending,4,16,52,200,339,bcfdf84a293420f732ac31325e9a549d3e488c4e1f39ff31609f9ac365ecb0b7,635cb3222a348e1548415227e7240e7b540a0dd34529883ae23ff7979b1ceab5,source_p1_14363
p1_18528,val,bending,4,222,101,343,331,04237969b570ec9aa5604d304379fdaa74fdb73d9965c4a774c8a6f733da89fe,dd0daa94fee065b3bb685b0c51f2b23a358997bdbc203533dccb1da48c5e2ecf,source_p1_04944
p1_18542,train,squatting,7,257,86,367,260,855d7a287b2a59297e391b7d22cef8467a687b81b1c1bf04c73f645a44f646df,4f2486a24936b5fd61261c75e69a9404ef7ac7f13ce4c2aeca36701201af2fe7,source_p1_18542
p1_18547,train,sitting,0,124,28,267,434,c67d4f937c0b019a1fe2b5a16f817c4a0fee3805c7ba3a1fdbf5f47e331481c6,a53c94e697349201011effa792b26d9f2cc62137a1881317fe4ae344abcf3e7d,source_p1_12489
p1_18667,test,squatting,7,60,26,111,88,b21e5c538a5431f11dd90f2f730011e455c70a8fe382c5db6ba7da6722816f9a,6cfa2c3d7d09f8c11659315e3c9514d61706baf08ddcab0936f57f510ba6e4aa,source_p1_17729
p1_18779,train,lying,6,1,152,509,324,bf03274543d3eed171e8aba57526b39e7520058814c5c62b550f7a583cc88efb,fba24f85b1d0bbf8d244086ee22f95d1c20968fd9ff10de13e267287496c4fdc,source_p1_18779
p1_18931,test,stretching,8,32,10,144,103,d9063013c5bb551c8d7347058775c52c324a36dd40ac01382b38617034595dfe,e382692632f4e30c701dba3754b79b5aee4c07b97eb915221835024bd9a9a542,source_p1_06927
p1_18932,train,standing,1,99,28,250,450,1016e735f4f28ab4a082a8d2bcf9102b5aecf62397e21ac65539509fe29a080a,6c908c1ddc2e797dca30aa35835d1d26533e5f1da893e9e77553e659daf9f7bf,source_p1_07242
p1_18946,train,jumping,5,81,49,336,394,5669cb79ce54084353cbe13621b32314e66a375d3bf21283ec28690f50a65348,4ad4b5acea24d8862f2cf17bf0808ed3b707d7106614a6aaadf37d2650cb0062,source_p1_03844
p1_19000,train,standing,1,27,52,310,584,58f3e09144b6ecfae60c7fa232ebca72cc227c9bc170d61e6296b00ad0ba9cc2,170e84a7e72c2207c40f151f19ac26414b20222a40de80df30c3ad357b167153,source_p1_06161
p1_19134,val,squatting,7,53,45,76,79,9e8b801fb752176d96c69595d33c25ded5b4fc4a657bbfb0eeeb0bc382e45533,13a2749eaf464d8d3428eb62a041c1da472ffbbc16f68e123bcf2182e27c02d2,source_p1_19134
p1_19193,train,squatting,7,33,42,74,89,0a602fab62833687151dee8bc744827814314485771c74967a1b424c28e5cbaa,ba4e9e1d83f320ca10cd72951412ab12c90570981b8495625787900502514b41,source_p1_19193
p1_19371,val,squatting,7,71,2,322,294,5bad026dce42aa0a93edff74c31707552f4f1bc306b4f5e8341f134daf15f3fd,7271f69aee58217ff30c38ce3ccfe676216e449203ec35eca203baf7b5bd0b24,source_p1_19371
p1_19441,train,squatting,7,31,39,287,339,562057a9c3e47b1897047eb364029e9ddd927ced9b8b0f1a7ef148f7ff396d43,a9e7bd61df504cce48eb5a4041871674d04bafaa14ab3a23f8e1b78e4ade75a3,source_p1_19441
p1_19495,val,jumping,5,150,79,279,371,c4500d555f3a31a2350d3431a846ee4eadabad5a6cda0bdd4467379467c6a47e,20a9d4f6a7a84384aa55ead344604b74e6596806638472abd38287d61c2bcd79,source_p1_19495
p1_19675,test,stretching,8,22,154,306,444,8e61eed43f59c6caf573e4de459502a2d5f7bf52371ba6d5e5a815ddacc58e6b,5af4ab754c422b7b23d34293808fe6b9a6c3be42bae463330946c6c7e03659c0,source_p1_06841
p1_19690,test,stretching,8,87,25,459,314,decc785083fec29d35f2df986fdd4eed5613c428f5865ba10d958263bee87b9f,138233814374b1a37f7bc0c8b13adfea92e4cf339644dab59076472d671381bf,source_p1_19690
p1_19715,test,sitting,0,147,184,323,564,a6d3ac35b72a43c9fe5e5140d58150969bc7d562a55f1bbf804630f880c2242a,b709873b954f28d450606ab301e9a173fabeb3553ea9db04fef06383ed2a9d6c,source_p1_19715
p1_19754,val,squatting,7,50,25,337,535,0aeffad3c184ee963522a6445d6d9fd69aefebe6839cb1822d91d2f4b04570bc,b39c0d7d45f68a56141aea46f55c4b9bf4985c972667ed3b12a96831655945a7,source_p1_19441
p1_19788,test,standing,1,94,32,263,506,88136cfc75279d2bf8029d8dd702c9ce5610fb7387159de4274acc387f9ea0fb,e8b3bb1268edff2da20625ff8233584962469db8951ff2029c7907fe41a60ed1,source_p1_19788
p1_19801,val,walking,2,285,125,334,264,4ff587f15bb2158448012088cf5af096919e8a116d0aaf944b842f28c0f6ba30,a616d293febe8b9962c91b5f3bc81b512a0179972f23e52048dbacecacd9fdcf,source_p1_04172
p1_19929,val,lying,6,143,110,380,271,8f8e02b0a1b5693ecde620842f97185651753718a57a0783105b0f19c0956554,63d3ca5bc05f986ee0ca7e0681b3516246e0299b21b90b9cb9812d89ebdd6691,source_p1_16717
p1_19930,val,stretching,8,233,180,306,268,0951c0f8f8e9ab4c4bea309c247fe796fdf2f695dd6e12c49375067847d662a6,b498c93a6f8ba0ba920e615ffa2007154aa220f38b847310f7b363f189a035de,source_p1_09084
p1_19964,val,lying,6,207,60,434,274,fa03e43c9f0f57a7d5139cda321903dc6878405bda63f97697d4c274c23a91f4,ba77abaccb73029458e515661d65f5138e62b9a3a868ad286aa6d7f3bb0cd28a,source_p1_19964
p1_19977,train,standing,1,58,87,295,594,efe01cd1f3158cae6eec6d756d6728ecdff5d1c3378de8fc1e5e25f8cf1a7414,248db93961a32fe13248f9288b7a4a799edce99d6df71f110b924882f68276e7,source_p1_12524
p1_19997,test,bending,4,156,19,419,545,05a3d707146b260a2bb9fcf994d9e5036ae68a5996c81d10a15735cdc3dc4958,b7f786a57b08a5292470f799d9ed8c8b4c14435d39872996ffbbda890281a65f,source_p1_09409
p1_20523,test,lying,6,0,30,167,113,35f3bbfec61a8236a0e215e2f15f63f31de358fd62f2719bd50be6ebc5efa69c,a70095219f9c95125026c2694c69139215bf7d76a6a1bcdc100e44dbf6e0e5a3,source_p1_20523
p1_20548,val,running,3,62,9,366,307,2b1e687130e85a6554bb5c6be768b7cd6cd29a3d7b03df62ec18f121dd2ef9d9,d8498d103c5f94aa5ec534875bf2ca9d92ea44744d44ddaa4490e3150068a326,source_p1_20548
p1_20709,train,squatting,7,35,65,75,144,04066f87daa02136ff9e394d527708b4dbd554f6d5fe3fb7e50a82bf6ef56167,cd3bd18c1102625c22c592d0691bb4fce738d8f8e1f2c93c95e1f115461b5e1e,source_p1_20709
p1_20845,val,jumping,5,86,249,362,386,5dc27120b10dcc51d47f7ee95e81c5679e91bdd5c5f2fcd958a62515973a8216,3fcf86f0804adeb67471619798317c0488f56056668faa6e8df1851cb128f70a,source_p1_06145
p1_20854,train,jumping,5,312,95,465,289,e2a645cb1ab007b1a574b7863afbf7486fbdb9f889db8e5c88cadc6b521241ee,a295ee94106ffa3f1e62367218bc4c6a4f723027685eee0d83f5f9470773a119,source_p1_07487
p1_20958,train,bending,4,12,110,170,331,eb132a04d357af62de2161a63e84a0c756880bc34836b7af5d3a00ba29bdab22,e086134fd90a54c71a7e34a68b936f457ea28e99bd72781f5a0e35f57263a514,source_p1_05213
p1_21005,val,stretching,8,37,6,148,107,3d69c5d94968b55f519d193d53a6472148e305d42a18ce4122a6e9d0630be944,7c29633ee29a22c9b15d7f81bf0aacfa4882e4131310dce57f477c9a1dd6c539,source_p1_19690
p1_21114,val,squatting,7,104,13,384,584,63f5448e9bd76a7e44dc49f0d21bfb88b1fab378d55754647735193c6192841c,23fd80cd4cf0d1c6ea606c107120876f2e58a8cf343861a1327173fd7af1d3d6,source_p1_11607
p1_21185,train,bending,4,67,227,424,524,3c231377fb9ee83a6eeddc56f10480daf79b9fe25f97e49a858b40618e482feb,2a593cbbf8e817c5f29dbcb63b7c010a21a77fac656d955649e656f67d1316d0,source_p1_07190
p1_21271,train,bending,4,70,80,302,475,9277d5542bdf7f47f8e14f4095dd094c3b011feb9d71190c2d312552701a6cdc,9080befd4231bfef2783fc28206f650545cba0e6ddba3537e40f039a2dbcffd4,source_p1_11870
p1_21288,train,standing,1,86,65,369,586,5600160b0a837046328b9e61d22b9ead77492b7c1f72c34a90de861c36ab972b,bcb7675cedda1694aaf7c26ccdc3fbd94a12cb8406c430300481eceb3621b7f2,source_p1_14742
p1_21347,train,sitting,0,32,44,389,571,1ebdd720d27e44bff4c2bf936044f16b61092cc65a1a788d6fbafb454b481c72,40bec0331ee6499f33fcc721ca62e48b4c43c99615c779af63639a6d41c6be6f,source_p1_01760
p1_21352,test,jumping,5,132,71,397,303,d4388f8888b37607b0644728e709bbe8324b318707d3bc97171c3fa19d7c83eb,cb749c2b1430aaa181f32e24cfcca780ba3fc8b6a71eb96fc8c06cc3ca75fcb9,source_p1_16952
p1_21365,val,squatting,7,83,42,292,291,80531453fe88474b528a7fa66a675eab7f9a223b677fbdf9ae494d23efe5dcbe,55605dc2852748f3c2eebe796e9d82d0a9aa67cb11df0325cc3b6296b281f19b,source_p1_17444
p1_21372,test,lying,6,0,54,426,362,d409c6353508e94fbc650ec088d2303de28dcf5e91d0c15551cf3bf5ab509620,7db420d7069ba07360639c54a8c9206dddac4e6887cd640135fff5ead924b98e,source_p1_17333
p1_21374,train,sitting,0,56,15,361,481,b85d9b75a49f752d1b63fdf1f36c4df6c876c5a25bf3c7d9e62578b3a3f0a09a,a1d0e1afe8351c16fad2a6b5b959dda518618d915261ae957c56d21139453f12,source_p1_21374
p1_21580,train,standing,1,61,49,319,593,e4a07e2e97229f838b619fc88d294b96f35cb45aee7642a4b458ba96e406a35f,49fecae73e540a4ffaa77b89172eae19a61ac6f93becc4fca88393f4463dd454,source_p1_21580
p1_21647,train,standing,1,95,102,291,527,917166f10a8e5d4b499a77477cfd953a4cdd7abe29fdf8b81d5e4d323841d6c7,f9a5f3339712d3c9d3c51d5765abade3ae77fff34d74e4611b294a315282dbb1,source_p1_21647
p1_21690,test,stretching,8,112,0,317,593,c8b76d668aed58a979deba9b19edc241fab3df2e521bcbea9235cfdaa3067f78,23069406303aa137059f3f0e39e9fcb5f55f04a7c9e6c7fdfcf3006acfd09ce9,source_p1_00887
p1_21704,val,running,3,127,64,246,287,4569e68a27ad554a1b62b7506dc193a7cbd56b1721992542998ddc5b112a5007,1da6cb93fc073db958126f445c637f06c11fa773a19cab5c6341257054ac667d,source_p1_17462
p1_21854,val,squatting,7,36,14,383,379,8ada0e9a421a9b7a9e8fc835df39efa55c44f1d2af3ed3d90e03144f414ea9ab,eb273ed919f20a8d105ad5b7adf1783a42446cd9026cfd1ecf3b6dbddb328052,source_p1_12838
p1_21901,train,squatting,7,31,25,472,591,567658c16224bca0dd3db90aa1f400bcc3cf5b97f852346288b9c156cfd42f33,e5775b8110e4f1d82a7666ef4d42dee81e9d541fae03ff96830d12d3416f18e4,source_p1_21901
p1_22048,train,running,3,39,0,413,325,19d60434ce3804a7932d7671d8b342aabafe6c425314b7a7a5836e0a874bb634,ce3c34a0ff329ada581cdcc321b46ac5a2eb5d94cd76e8175009632a8c5209b9,source_p1_20548
p1_22171,train,lying,6,236,72,502,319,ebeb9f8ca0f4fb0eef7da61554bc05df574e03205069ef263e1d0e0d779ef416,0c63bebae256dcb7b42c78e5b0dd71389cde02c1efa8ad28ed4ac3585b269df0,source_p1_19964
p1_22195,train,lying,6,126,76,386,212,afc504b96f3386c3bfab70fbb3117f44fd8c4682316247aae604ad846113c58b,16a5e38f7abf11dec15e08589bc6ed96e015eceb79956f8ff8395fc27ee299a4,source_p1_22195
p1_22246,train,bending,4,144,23,505,338,4d1168a7383459485c739529f6b9f61b762fab0e3bfdc7307aba8681f81ba1c7,e5af15f663f212cc55f60c65a84ab13ad99ad3d4cb1e1f913063dcb1fb5ce367,source_p1_13959
p1_22363,test,lying,6,2,57,169,109,dbb3a53defd31fa887361dede86b46a2faa62d91765422094ce658b50683e801,50b2f91f2db89a7cb81cf48cc62e153e30971fb21c75d81f8cca7e9437c77eaf,source_p1_18779
p1_22385,test,standing,1,21,86,342,594,fa5cffedee3783fc920198d886ac6d666522860c1dab13ab85f0bdedde066292,7add7d871a031f7f376d545a950e6f3140f797f52f7a7939f4b8e018925214ef,source_p1_11627
p1_22495,val,bending,4,13,0,354,415,18eef686f863fb2dc7c3c374160dcd4070efd6c82fbb171db5910d78bb8f5799,7a75da0ecff8a43a49b25082b6f7dcd2e7f5addf4ffbca6cca5c4a5c1bdb0072,source_p1_14724
p1_22763,train,jumping,5,394,90,513,295,c26158e53acb56f271a1709a3ab6a09124c056d4af6ebd19d3837a93d6519e90,2a9f87f1c168e9ee1672a1b54ac18af7f97d342db61afe547975b4454286267a,source_p1_07487
p1_22915,val,sitting,0,103,54,368,593,a89e2f049fdae41e267a8b7bda86602f79b2dd163a0d77964d34487e6db095e9,9f78fcc1a96aa345dfadef7eb81d9d90e2fdabc257d55f6259d9f698c910a6ad,source_p1_16912
p1_23002,test,standing,1,33,44,324,594,3bd7c2d630191505fa13cce5a9811be1a79fcf77e22a8f3819664855ccebc344,a5efe39a0053a094ef362849401484513ad81ee926c5f94c53da47431b09f426,source_p1_15110
p1_23219,test,lying,6,14,32,163,129,4e89bc9296890f4a5525349dbc82451701af310e5fa25ec34817eb203e3ab01c,9c6d947a74e639d7d54b3b865fb3a63c059767a1fca2ad8090389bb470f494ea,source_p1_23219
p1_23258,test,sitting,0,0,77,356,594,f54fa89a8e27857bc47c7ea1df7c624a8c4629fbf16541f9430a274f69cb7d5a,6d78ea35a25b5472d8a3285f4e061c461dd05cae66ecd141b281ab8b51efa8f8,source_p1_05991
p1_23662,train,squatting,7,24,215,272,528,34f04c89ce5dfdffebdb21b7a8901926a67244b8e40775c7faabc442ded1d43f,9a834b4b6ab8b03f58179d0a7e919bc2438b50703e99b093ce4286e8195693f1,source_p1_23662
p1_23691,train,sitting,0,9,58,388,591,2d6cd4962832562faf2f6f84e7d9bb1c28868dee8180edc97eb3aac998254ad9,460af0dd9691af9565ce56aba175251f35ba3f751f43251e352d17e4a1d2be19,source_p1_09525
p1_23768,val,running,3,142,79,245,435,0433d843a51244fafe4832097c7dfa2c4d6c8f0af63f089dbffcb3cb6dfe4165,5cc6f5ad5aca825ee131c5f20a77c7fbce42160a2c349643ae4c52b3d49c9bcc,source_p1_08423
p1_23787,test,squatting,7,16,185,251,454,4aeef026ee8635306c3427601bbedd8e0a564206d02af61363b9468c419b0281,c0a1cac1af422f65c719338fb545113dae0a8562c07c4e4c0d725ff69e2acb23,source_p1_23662
p1_23789,test,squatting,7,20,0,410,594,400b3d0645a776619e6081d4baa225b6b4668127fe627776d719064b313382b7,b3aead1d4e6a4d42a9c0c12780a4c5dde71f27f45d6c9940c9648c5b1a3cc72f,source_p1_15915
p1_23822,train,standing,1,39,47,227,401,211498b61dfc969cc4e1c826ec8b80303c07cc454b36726c1d081a2ef10f7e3f,3e74772ad8a69ba3ce83b0fccecb26fec003ede255b6f753c63ad37c2d2107a6,source_p1_15527
p1_23920,train,running,3,0,0,231,467,77dc974253ad68d11ad529e11376348a5f7721aedb15cbd2bee5fe92ab8ee9b4,c6b21d0807f37f39b4ad8d9a97c56e0f6c228bc58cf3e0a9d42ec7bd96712d31,source_p1_15259
p1_23991,val,stretching,8,130,74,240,450,0b3cd76be7baed73f56098d886358931523c232be7b90c830d3dbadd1896d2bf,284f943b7ca5334d6261b93294bc9e477920bb6d23bad5e1f4da354141149f6d,source_p1_10482
p1_24185,train,running,3,203,155,278,369,5e03f02df21b5f54756349bf2b65db13f0f2ecb5284ad009df601e7722511a21,980ec41f3443f76feee89f46d9800b89d1f3dba15e92221b67fd8fa3f3460285,source_p1_06653
p1_24364,train,jumping,5,172,104,329,424,8719662b6d89ebc8c57c81eeb03504ab4e80a1174a8aa795ce640b6c7c2dcf70,dffcd12b334bcb2172f6e37964c7272a4c5402ff72447a30520d4e0bfdda0a98,source_p1_19495
p1_24376,train,standing,1,94,31,257,484,dfdfab0539f7fa8ce860ca570dc341c187a172213379c0985789bec4174df5f2,d00e3c9551595d198917b735020c74c2aa9d070a0acb505bf3d20f3a61db27a3,source_p1_19788
p1_24427,test,squatting,7,119,136,363,516,fe46b22783d4201cfaaea10c6b3482345b109a656520177063cb5f120d898cef,61a8d5b93415cbbe7d65a8fd26ba004655c275f4d9174a5b4321de176db8e1d0,source_p1_24427
p1_24519,test,sitting,0,42,12,376,594,d40997866735a3c14902df7d7c32c4c673ccaecc8b2e82d80a815bd61a92915a,870023994a679979a5ee59afdd2e872207bc71f7d0f4f87b666171d7a3eb9243,source_p1_21374
p1_24686,test,squatting,7,396,125,449,183,98ed6e568a2ec320c6654a3777c7d91e0911d36e84fcad6b11f96d0021f47720,4ada4d0e1c608d87f5aece589b02902147dc8400cffc4b0445993215add2035f,source_p1_24686
p1_24785,test,jumping,5,292,9,501,263,0c50381c01e111c5ea92b0e692f6e142ac45e636e66ab4d1f156f52f975e9c76,400f0f5df34bd176bcf2d7407602aea70adfdcc4160007f202681283326e7d66,source_p1_01131
p1_24804,val,jumping,5,59,2,415,399,8690d2d240ed0edae5f1242537014cfb9137bc5b78a9d2e42bfb64b1f31184cb,404f5827af785530656662606f18b3139fd2b16c0053e510e77af37762b402a7,source_p1_15295
p1_24934,val,sitting,0,174,22,490,299,35d89ac4a608ff794195f2c49455515d2cbcb9f3ba0d010225f9f04ca57642e1,d2b5fbe91c7a29bc6cd4216ac3065a1498f776f812286ee98b75737053b68fe7,source_p1_24934
p1_24983,val,sitting,0,162,10,415,396,7378f043920a7da44e8c273da88be92265ccc5ce3c0c84a73403c9213a281c87,b5d525ff731d7d13f1a8634dff45fc6c77905d8a6ec6d26148f386fc8ba3c1a0,source_p1_05881
p1_25092,train,squatting,7,54,117,297,407,48776f77ede2e60a849b3ed4bcf57acc62d96de6ec44bffc393878fb6cede687,1c1a30e392a31536e093e0120a8588ff6cdef570db75fb230dc33878d4276703,source_p1_24427
p1_25159,train,standing,1,85,78,259,445,b215b24621bf6b330f922d5907e111f77392cacce2194a8b6b2933f75ea9d519,630639feba58ad863a966e9934806910a451ecbe7da8e64d3a2ffe5f6a5d4b66,source_p1_25159
p1_25235,train,lying,6,0,127,331,503,466774a9864ea0af7b3e52e6962104816f5ab5f05d6f461067b59009d02f629c,edd6c0d17056766c01f517db49adbc2fa963dbe1a5dc4723088f7c448ea5e23f,source_p1_16114
p1_25334,train,lying,6,0,56,407,224,6efc8ac00e918b609a1b999a11fb8a536e99c7e1a35259edb950172b81599ff3,a673c75673da2a0a985aadec63da4f838e111e1c384a47912e2d56019bc9bd49,source_p1_14520
p1_25454,train,walking,2,108,14,296,573,30380844b5e153b61ac20e3d34cdbe937b5e259719fbf57d0e65bc0b00414aa3,e5da36514c3f3e1faf548fe20dc424706499057644c0d51c7a4101b404f471ce,source_p1_25454
p1_25461,train,walking,2,115,3,296,588,231053ce614373777d15e27a9d26e88625acdd2ea04e08db295f3dac45007fe2,3f58031fb8d346a2be22be3ca55c600df2d1b5620f80c3b52de2b3c51c34e8fa,source_p1_25461
p1_25470,val,walking,2,114,22,296,569,fe289d230885536e63296a48788e56a391cabeaa7344baf5b9441cd8c8b85f00,0ff7dfb5abdb5948df37484154bee18d9ac29c9237195cf2c75549fa3eb2883b,source_p1_25454
p1_25541,val,sitting,0,126,72,341,594,c9401066c7b4e59f640b241fa3bef3d9b5011ed4a3061a3b9e0f566879e2d384,29ef9ce1315ffb2f2e6a34c656d23604456ca684a607b9f49d2c4e10842d1c6d,source_p1_25541
p1_25568,train,jumping,5,182,0,370,385,7ab72079e36fad20f938d5bea6e82904d123ce3d399157ff769fbd15fa88bb8e,f9d1a62f5b250637ca3c55dd3c61b9bb2e0cf10214b4bc691bf2206d79248ff1,source_p1_25568
p1_25734,train,sitting,0,176,22,481,304,962cbf59d83c6e42c5590a476be45b51350c7d343934f8433db01ea1f7c8bee4,9f9df99c9ce1695029fa42c0f07ec12c11ea95add393daa734466e8787808612,source_p1_24934
p1_25781,test,squatting,7,255,84,368,259,ee7770b3a3dfcd26bd3a7ce5c7c1f62526b42e4f043bd6a0f3fec27434415b16,21b2c3f452219b14b1dcf8a39c6d473223ee1d87a03783fb77ff8d4b4f8029ec,source_p1_18542
p1_25870,val,walking,2,72,8,290,541,a6b524ee5c9ad5a7ba91a8ecd4da249006df7dd095bcf950a08c9417be543982,05a219025fd4176ed520e1eeb9c14496615e0429d5c91a4f4fce9c82e08cb69f,source_p1_25461
p1_25872,val,squatting,7,42,5,99,88,fb9bc1d03e8d03d5d018617d9080e5220e411a3723bde37b5cdf2306a363678b,2b0e7709edebecf533376f31aaec11344bc76d6e1e2b840f1c53c6b65cc98b76,source_p1_25872
p1_25940,test,stretching,8,92,83,465,291,ed9fe3f69dac3f8bdb10056aca36fb734ea78077238f5541fb51c3144b29699a,75cd8304d1bead58d18619b279f3f1ab4f0affd6391acf4b2b76bf23bb2721b5,source_p1_07180
p1_26141,test,standing,1,226,97,301,295,903d924137ffc570de014637a1ee588f2a179f35de252a36883abce03e8143a7,2d5800c3f21d43f1f4c3622e072251d49fcb4455d36731b27e1ac77af3b92d5d,source_p1_15290
p1_26175,train,jumping,5,273,7,450,255,9e4bdb0fd8e3c7ca5a6155bf16f754b2151626cc07d59833bcf55f9995ca1239,09e079acf5322128e929146d25a011e241134722f5827daadcd6e6059043f2d8,source_p1_26175
p1_26250,test,squatting,7,3,2,135,169,32cb9264b4d83738ccf9eba83034662c27d2481e75f6e8f42144d2897470c01e,7a5153216107f771426a508b710b76a2b1fe278ded2d121574ac25dc19b73f35,source_p1_21901
p1_26514,train,squatting,7,59,6,374,414,568bd9d01c768de275568277d6c690d508546a760ef8a80d490a500b7dec058a,df7be6f554acd7498dfed97bc2bfe77d1033106d79a0052a63cda3d7e8580bc8,source_p1_19371
p1_26594,train,sitting,0,103,135,238,463,f2263d45eebb2b5baf55012e3a985cbbb7f0d4bb8c929d6d6707f585c70184c0,3d3702dc4232344ab7f3eeacb2d3be7072041fd2cd5a2590e2d4c32f8047454a,source_p1_19715
p1_26799,val,squatting,7,110,153,189,310,ded95e2e67d8cad209db281f0150f7da6e99ca706724278c228e92ebaff67eb1,30dfc95a090f7f0284ee2191efacc37a46d7e4d13afa7066a903fcc334af7b31,source_p1_26799
p1_26809,train,jumping,5,376,136,511,291,0132366c004be6844c638057c0da7e00b35dd4fe026a465a9ef4af0ef8556357,63911328539f5d380038cd1c7e6eaad175b67f44e45f7bb150cc428b7236e75b,source_p1_07487
p1_27126,val,squatting,7,395,120,454,220,d206cf7314da63fe0e4cb20b2eb029fae24b383e1180e25ecb6789718b59d15a,4b30e6523f0b16cb6920ebe782957ccf5ad80703a837c2880546d7e1caa876d7,source_p1_24686
p1_27178,train,lying,6,67,81,456,333,5877f4e962650efb1052fa317c08352441905caadd0e5f219dcc5e9516f06fb2,c49446772bf6d57e03229393d7ca96e0fa35f42d99add776652ff644bb87a43a,source_p1_20523
p1_27257,val,jumping,5,88,9,327,525,96c9e4be8b0b808b6ca8962643737d210a5415eb626048899e3c0cfeab2e4b0a,d68fb4fbe13e4bc4bd5b802d71d9deca9dbff97888a3c4e9e01a0baaef02554f,source_p1_27257
p1_27718,test,standing,1,92,74,257,447,d34e1fb4f146cfcacea680c11d47dce60015f2672f8a6e3ead5916c26e14e7ed,c67bdc354773041651c00174b385fe7b5787d1d6557e8b4d824dfdbc7b62e4ba,source_p1_25159
p1_27736,train,squatting,7,18,12,353,593,d85d783d54a747b1c1f843265eb1ff5c93d8de4ea763272c946f505069413fda,a935798658c7618154e3afe126b45d24c4da756637231401ffb0c1e02353943a,source_p1_11330
p1_27756,val,stretching,8,26,52,99,170,b9f2d261030b430ad16485bc4c6e7848d6542b67ac2173e0d503d6383daa80ec,d9ed2557800d25455e347b0614254af14f3fb044c37136e43448ab265c2fd056,source_p1_27756
p1_27852,test,standing,1,42,45,352,560,ca6d4606e53e087e57390ca42023fcd04e5a320f7aff0eafc6c716c7d184278a,c31c2d8d6c02dda62aa9ad9f111ea34664db389b9fa8ce606e1ac397c9aaa092,source_p1_21580
p1_28076,test,lying,6,24,22,196,438,c18868527f7c99d8a9c1b1e03058bb63b1a43f4bc1a975419a048ee2d8764905,fe2b6dc83da88b3dfdf796cf89d689197bf9b159cdbafb6be7f11bcf4bbff117,source_p1_12841
p1_28148,val,lying,6,146,95,462,257,dac54fd0bcfbdace29e36421b059ac1ae94e2fb45daf4bcd583b86da2927c65d,41d7a176cb182c9b8cf7041fd246e2829a5627d7d360177e70f203c1eaa16dbc,source_p1_22195
p1_28171,train,standing,1,17,62,286,419,c14998be1a9a2f0923dfea239cd62eb990337c14c6274ff5b4c72a305f17fbc0,ef449223a43112e9d8dfd89561dde088882c08bce922b60383258288dd61a051,source_p1_09545
p1_28309,train,sitting,0,84,62,347,594,3edb1780490e66a8ea917997067bc5c256277c34893cdf48f45b7c3090ca0008,573e9b134b3358ed88b1dde968cd8bd88bbf5e9a4be1ab6f43ef17e4764fe5f3,source_p1_25541
p1_28332,test,squatting,7,130,34,322,339,7e4f5c94fe40db646a5b802d4c4a75b6fa498873db1050ecace62dcd38828db3,d53bfae0ccb9c9d4d9d2b918ae980ce84d55f73a2f88a4bd64a9f82a3f341305,source_p1_28332
p1_28380,train,standing,1,91,44,291,503,74e0a4ed80cf0978a6655c65cea0b39df1b76c20ed33699c5196d50b53954db1,485d2eda08a35d5c315df4c994996585efc4b6a9a89fa1efa80349c627e569ab,source_p1_28380
p1_28393,test,squatting,7,89,21,107,49,ef254bd9f95569c55e86adf48ecfcd08fb29d53bd8392a605979f200b4a8e238,72aa83a2b694cc71f50364c3634c857861f69997264421df5ed2461e7987cd1d,source_p1_28393
p1_28475,train,squatting,7,4,75,340,536,e7b41c9d526ce461f08cf9e18768abd4f99c35fb7594f2a131f21ecb55cae2dd,40c553b30b224128324272cb842d40caddc17b8475d2267ec9f0d52418c91c57,source_p1_28475
p1_28643,val,squatting,7,89,126,215,277,cc7c912aa9799fed08a6e4933cde7905cb5afc6a3f65fe37e070befba09b3732,549128bf73467f3a495146a7ecee721cd3ef2e640d0cf4dd60d9952397e332ca,source_p1_19193
p1_28649,train,squatting,7,0,0,74,72,b99c596b8c0fecc8d27b67c910d9e0c78f137add340745c1269ceca0da2c39cd,50d3c6e039fec67b483c3536dc81dab127978449e37da0c35341977e3589a71b,source_p1_28649
p1_29023,train,stretching,8,34,18,315,183,2da67ae5191f0946feb7be2614f84aa3d137a241032423587e1cb4c511b11f3b,9d2ebfb63ccb927a70fc12eaab87e61a692ea5cc1f2d1264f418da281b22dc78,source_p1_29023
p1_29061,val,standing,1,95,101,301,538,7b154e7fd6ad7731fb29401ff0d862b9e9887278f1dd0d4071263f0d6ab8652e,e40fd530df71e37df7d868b19797a491b6b4ad6f0d9436b8b4b2381ba0677cc8,source_p1_21647
p1_29086,train,squatting,7,151,134,238,229,b4cdd8e8ed370f940bc067c0598634d8744812b66e5906a24f963b71d4e9d1b8,ea580a3566a6a141b335f6c09b54a0894e6140d56c9bbe79997e4a3a0368a60a,source_p1_19134
p1_29313,val,squatting,7,236,65,311,141,02d40e0a221004b56ba66607ee013dc44a970ad1bce623baf181671d97d26612,5d7a2fe3c3a10650fd04cd1cd4ece9582a71abf3296cd239e1037dbc05e780c4,source_p1_28393
p1_29340,test,squatting,7,74,25,286,408,996846b329b83bae523a2a292eeebe4ef3f3ae4e62b3d37fe1a5482b1308af54,5db83da201dd1c07a3467b6cde22caba58089f08c47504257a3333797a7c6e8a,source_p1_29340
p1_29345,test,squatting,7,90,45,154,113,852a8d4f55806324c6e4d3cfa4c3ccb30cee1985092b440c17e4dd15c30ec348,24c113f235a2eebf4c981bac886237a89ea59d7f591978ed09082ed3bcc9097d,source_p1_29345
p1_29354,test,jumping,5,229,2,422,205,d5dab86cc0aed13d5b421b6bdadd9a338cd81c6fc4f8c9bbc70e68b6771bb15c,661dc24956998e16db0127c2c23c76bc7f7a7aa4785c81e2951dfb08a3765c9d,source_p1_26175
p1_29392,val,standing,1,69,38,288,594,0a1366e3ebab2c3593484f82b9dfdc920955b5ea3b811f185ab0e9fa46d12548,62bc812e99533389dfaacaca7d23292eed8c031e924df862f4ef9a12fe2f9a79,source_p1_28380
p1_29472,train,lying,6,0,2,170,106,b42ba30b68a35cb11acd6c1253601b9256e56f5f2f8a0fc52be4ae9bd258452c,f80fc90b6a51da99c0fb7ed6f74c8266f752ab529ba0f5bf80221b83fe6c32fb,source_p1_29472
p1_29608,train,walking,2,86,24,274,577,d005ce9b185b2792e155ee6c1896889637eaf6ae90a588965b11bd7e0e936841,75ec749211419655a00c311ed0e976b4a9333641cf4eba8d86ce319c7068973c,source_p1_25454
p1_29758,val,jumping,5,141,0,309,286,85537c5ca5f40a392223c248a451fe78aa883d8d07572832f5f091f0d1b86e4d,cd421f894ffb8427d6f499d9ea2c2aa379022cfaee98bcc36cd39ad814215b68,source_p1_25568
p1_29769,test,lying,6,50,72,550,371,9d83b89865e6275a3199ba9634533c4ce78e65c174f5b765b2607034fd671177,db11c6acd4ee3c938b5f943a8e2e4a583bf428c01c30f0c8a7ab951996d12458,source_p1_29769
p1_30005,val,squatting,7,15,77,344,535,e284d5d2205ec1f8571575b660b79e20fd508416aeb77a35946099bdff85010a,66c824548b881954dd4a5bd3633b9c992eeaaeb10da9a59b5fd5d54febefe10a,source_p1_28475
p1_30052,train,standing,1,85,47,341,594,3309800207eb9904de9bc57f0a114f3edfc4ef269da6f0e75f45b860960be7d6,8ffabd406417304dc00ed16be1adb79638106b9236f4b1fff32c68a3639aa050,source_p1_30052
p1_30300,val,squatting,7,30,1,99,97,7b31333473a84c8ed503bbf24e337d174a6098fa64f5d6c1238152eb077fd3bb,a347b4a52b55374d32c7a14f771accbbdc7ec03c65db0b10825d5f97f91a7bbb,source_p1_30300
p1_30337,train,squatting,7,11,3,122,141,80420b24d0dc4a63e229703965d1bf1be417a1ff67e5fff34f636b4e5a566a55,377206189dcbafddb865e21561c3df16bdfba51ea1dea3acd8a7f4c2a44e6a18,source_p1_30337
p1_30507,val,squatting,7,269,130,474,339,170942709ed2496a453eb3db797250af44fc43121706e8aaa281eee522bc10c7,abec3c1a783496eaed402edcaf914e751d2c702a05a804db99ce4bef3d6c6939,source_p1_29345
p1_30530,train,sitting,0,73,67,372,500,14ebbce190789ee5a0054cea86090932455fbf78f079201d361ac6d15da7cbaa,daa6d504933795d8350d791a96950fd0bedefb552a3278fac0f25f92c6331e0f,source_p1_30530
p1_30958,val,lying,6,76,105,458,358,38240270eac1527edc1111a4936448969d7b21a154a8325e88791d6c647583d5,5e9220e7ca6c1dde23497997681160d3d2b931a6e8b2988ba0cd59e3345d8fca,source_p1_23219
p1_30973,val,standing,1,86,50,332,594,4523b5908d4b44ed2d49718249dcba4be2ef22bbf6a81870d4bee01a8d6f42ba,e7dc27d9252f9c9889d316c169c5ec7c816e3af9b5dfa163e6bf0f41ddb1d0c9,source_p1_30052
p1_31388,train,squatting,7,129,12,476,470,aefd57cc095686dea5153eb2cb761eca3b9397f16ed6a5ac3e3ff0ac78398bd3,c4001f8246530a3dd0022f5f4ff005f9591332fcde263db5b518af79a71ea51b,source_p1_29340
p1_31469,train,squatting,7,105,9,353,351,73966ae673c553b6b2fdb6aecd58ad34045cfe9c5820b8b02fd567035a0d836e,09a92a1863c44eadfffb1e86b43c276ea3f9d1089a226c5a165362b31803441c,source_p1_30300
p1_31491,val,squatting,7,22,170,196,453,09b1315e14683efbd8c00e01c22692c4cb9ddc3365f3af20916afb1ff55b6de5,94d2c2308b3f7d0479ad6f3866fd27d86be8538a16de5942b33506030e97d89a,source_p1_31491
p1_31720,test,stretching,8,19,57,328,507,34ebab80d17f30baca6572e4b8928dd8ba048a16b282c650c8829d173ef27a94,cbea2909941c824d0e5b4c5f04e48dcd45f60cb2f131ce0aaf442b283b32459d,source_p1_31720
p1_32145,test,stretching,8,126,40,401,224,42f5242bf63f8423152cfd8ac358bf838c2416678a4338f2f5272d5943596028,3bf89a9e4c76d20afd149d05030497bf9a818c39e92ffaf97c8ecc6f88461f1e,source_p1_07797
p1_32172,val,lying,6,99,74,319,411,6ef623af42acc0acba7e118d03a983768cf2ef5e09cdf6193494d2fa80c7cf31,4568bee8d1fe4918a1e821dfc53cecef6e35f14a857f64995603591d4cb01c3e,source_p1_06016
p1_32261,train,squatting,7,177,41,373,397,1bbb7cc4ab044ca9eeaf7085f0d0d500217588aaacddf8ba7a562df4dab3f774,802ce8bc6e5de2778790e3e9394e9bef5a27dbf4ff6337325fd424e3e82665a1,source_p1_28332
p1_32369,val,stretching,8,42,17,310,174,00f2b345f97fd1efcdcd9182a41dc1dcb8fca8f251b87f6fcd477d3561e6f362,6b0d0e6850f797ed4c8c73562ef754947912d706b94bb7de465f6adcdcacc3ea,source_p1_29023
p1_32421,val,sitting,0,66,55,331,539,3d1ccc9b0c2a2347971420260e5660ca9d71dd7bdb45b1a70a345f01ecb78d75,0c74b16941f4a3e80c053e6223e37bf076c9bb9986774bf89e26077502435ae6,source_p1_30530
p1_32560,train,squatting,7,4,62,65,145,3bf38b3593f458437cb328b07486e66def90bd99be75f96b43d8cb9ac1f48c83,cd56e9cc2d7060e65f8d954f59c8a7b7e5f4bd37092d03901dc4ca297f84952d,source_p1_31491
p1_32773,val,squatting,7,96,61,284,280,d3f8c9a865c3c26ab28c818b02339a07b7e0de157b70ff554fcf4e870fb80fe0,10435fa7513f8bdd0d9b753555335f0f3e5c746b5240c72584de98e471b41fa8,source_p1_32773
p1_33523,train,lying,6,24,45,557,378,5211ef2f329884b9f3d08d1c8a19ceef995b3dcb695eb2a7e4ade4473bdd17a4,3d28ee67972f488f715bc43844201735aab645ab4ff77b67c2dae3ab00c87b47,source_p1_29769
p1_33753,val,stretching,8,2,24,110,170,d76aaf2f7040805f6b1a38e1538de7614a84a9924bc7df4cd6ca2ebcddf8f816,ccfd99e632fc8a96c0ed3ffe7b515518fa6d7373e7193ded7640aad34cb7440f,source_p1_31720
p1_33821,train,squatting,7,37,15,112,113,f587a89416d51e6b0b9d4844001166466243e5c4dfeeddbddbe7937039fd9c5c,6a46bcdfacffb7271acc0937cb7cad99fe73292afef817d8d29956b8830fec74,source_p1_32773
p1_33912,test,squatting,7,146,21,353,324,d1efc630f8072ddfe770437b7290c1b6332445a0fa2a01d9ed13e30ce00000a7,08287bd269b2be2348aac4daa52307c01d1eec14c435eca733b960e7e5f10880,source_p1_25872
p1_33989,train,stretching,8,88,113,262,463,347a67336fefc023d1137cab57f3952b104e5cbc85ad2c2f3a1c4bf5ec2818cf,9f0b2e1f794989c573a8244614d7cc01666f4320119403a8d32cd56adff78fb3,source_p1_27756
p1_34058,train,squatting,7,126,179,224,366,96f0c705daa47ad14383f5d9e0c0faf84b6a514d2514e40b60a02806f6adcdec,9a862bc6294c54dd4e7e4e0852f64135bf575a71390d2aaee8cd406a7dbcb1ef,source_p1_26799
p1_34100,train,sitting,0,186,92,344,294,24844f59529e48fba873c7fae66cf818fb0d53b39bc456fc74ea41ee3a0e4396,183de97c6bb4a1ae1f19784aa1420687b4d3bbafda1d2545a0d742a866b1f473,source_p1_09328
p1_34396,test,lying,6,48,7,475,319,cf4e50d69ca0b752c98701d25b462e91572a6d6a5143a61e9954182836aff0ce,150464897fa4d40b95e6f0694a20c966d06ee9e0bcbc526044b084566ca4e221,source_p1_34396
p1_34427,train,jumping,5,57,20,300,312,879a4ca65c2820f67f90c30987d5f4602b8a4e9ea64e6327232fa81148995dd2,441fa53fc8cd21de0d1bbbd9e8749bedfe95c71a0cf46906d717237d1b493655,source_p1_27257
p1_34480,val,squatting,7,77,17,436,479,acdd2a3af6b13fd9646cf11b4a328b8cb97d114c914f947ba1fcd4adfd6f6f41,15f99258ca034cb058534ce371dccbbc01310afd0bb977f8d670f9eb8e9cfaa4,source_p1_30337
p1_34591,test,squatting,7,97,204,249,445,9f166aceef81febe10e608b3f4fbefea752e0c4f5084e080096e6812faab81d3,689f2547465269f7fd6c038964d6b106360088f0fac5223fdf3b7c8998b5a59d,source_p1_20709
p1_34676,val,lying,6,0,14,170,113,028b9a33e1c36f0668df54948992fdac8fb6d7026d105bed2d3272633173ef8f,0abe946201c545c8bc5f97658ebbcfe4bd97eb776d1c9efe1297415396ea6b82,source_p1_34396
p1_34700,val,sitting,0,325,89,413,337,c6683c73de06685b0133cb46e5a6b1c15d551a756391374d366b0c30bf6ab385,e9c5d3ffd4426b9cfea497323c13be2cf60015da67cbe8872f9f88a9ef1eae77,source_p1_34700
p1_34897,val,squatting,7,0,0,211,194,fae24e2dcb4f762a17ef5344d342f586329e4c372a5f5c8cfc818cf72634ebae,b2151539bbed57a66f63249eee53ed3aa7aa6b886ee9c9c0a217c3f0a4ed0df6,source_p1_28649
p1_35016,train,sitting,0,315,94,416,339,ef18b5e8cd38308518813e02ab44098fff7d969cc0700c54d0820759fdc1c028,0618addf7d99e32549622b16e0d917d9897e231e2e603a603e5c1d7e073ea847,source_p1_34700
p1_35271,test,lying,6,0,14,390,315,8d5c411e6fbec260e582be1e4d1751dc40f0b651290585f2477249294c2cb5bc,82363d74b583587f06688ed4de7eac10eee182aa27334ae80f930ff0922a735e,source_p1_29472
