image_id,image_path,label,split,width,height,aspect_ratio,image_url,file_name,sha256,phash,original_split
252219,data/images/252219.jpg,walking_running,val,,,1.4953271028037385,http://images.cocodataset.org/val2017/000000252219.jpg,252219.jpg,1cf48bddb1bcab80d9f4d18514ae438c3e4f57d18e80c4fbea9d5d22396f514a,c54c1c18cb67f2ab,val
386912,data/images/386912.jpg,sitting,train,,,1.3333333333333333,http://images.cocodataset.org/val2017/000000386912.jpg,386912.jpg,e4d58abb24655f12e70e056631e96915a142e1e60fb0b1f75372269bad764828,f4bf02601c2ec4fe,train
308394,data/images/308394.jpg,sitting,test,,,1.4953271028037385,http://images.cocodataset.org/val2017/000000308394.jpg,308394.jpg,f95ec5582f5310a2dd6effb247286f48ce479b5c44d94690faf586ab2e435215,ccb005ceb984ee9b,test
456496,data/images/456496.jpg,sitting,test,,,1.5023474178403755,http://images.cocodataset.org/val2017/000000456496.jpg,456496.jpg,5ab2ab206221f51dfcdcd1b140afc1af6f2a33af3f6c26c9c11e1a1e716d71e7,e767acb8e1c710b0,test
185250,data/images/185250.jpg,standing,val,,,0.6234375,http://images.cocodataset.org/val2017/000000185250.jpg,185250.jpg,6b92c69bab355b6355112014b745db91f09ecd591e0bf7d9f8da5fe40e1e03d7,f9eece80818d8f0e,val
356427,data/images/356427.jpg,standing,train,,,1.4988290398126465,http://images.cocodataset.org/val2017/000000356427.jpg,356427.jpg,a56e6d03e3390fae54ef3a1eff49116a31eea935a3caf8636327af7550f074a9,92d4e6d8d2ac89d3,train
266409,data/images/266409.jpg,walking_running,test,,,1.3333333333333333,http://images.cocodataset.org/val2017/000000266409.jpg,266409.jpg,6f29db689ebb18bdf8fbb06524077f6e88e058e7d8d114483ec8dc8d43f76c65,e4139be42534d2ed,test
515579,data/images/515579.jpg,walking_running,test,,,1.5060240963855422,http://images.cocodataset.org/val2017/000000515579.jpg,515579.jpg,c601be638b7641469dcb58adf5c14a04d8ebc349f6ca403be5bfd8ef2dfab49e,880f8f5ad327d863,test
551215,data/images/551215.jpg,walking_running,train,,,0.75,http://images.cocodataset.org/val2017/000000551215.jpg,551215.jpg,e41b973323287a1781814b3a8356b7b971a89b031191932d26d74d6123696877,e6db590666691c2b,train
57597,data/images/57597.jpg,walking_running,train,,,1.5023474178403755,http://images.cocodataset.org/val2017/000000057597.jpg,57597.jpg,003280b50c99124750084f25939f305f3fefbd9e3caf5002a456249242b154c0,d16c3621b793c5c6,train
399462,data/images/399462.jpg,walking_running,train,,,0.6651884700665188,http://images.cocodataset.org/val2017/000000399462.jpg,399462.jpg,1f6880864c82aa166366f3687cf86d918871c110dc3c931acd3fc1d5adcacf49,acac9232b63998db,train
494869,data/images/494869.jpg,standing,train,,,0.6671875,http://images.cocodataset.org/val2017/000000494869.jpg,494869.jpg,0beffebf8bf7e3d5561249474de3e457cae990b1ffd56165a19380d4cfc0c00a,d21acd569e8c9993,train
329219,data/images/329219.jpg,standing,train,,,1.4988290398126465,http://images.cocodataset.org/val2017/000000329219.jpg,329219.jpg,10dc6cd39da78d787f01a4221d6f6765d30021799f332965de18faae501587d6,b4d4dab212339b53,train
214720,data/images/214720.jpg,sitting,train,,,0.75,http://images.cocodataset.org/val2017/000000214720.jpg,214720.jpg,cf4451b5d6da75e93529fb45b0cfd3a189d65ca52d25ec1afb7cf999d0232ccb,e353d0319d83cf4c,train
459153,data/images/459153.jpg,sitting,train,,,0.6671875,http://images.cocodataset.org/val2017/000000459153.jpg,459153.jpg,ea743cbb2b8cd0a4166f713974f6f467dc72f7b33a0d2d43a955dd1e895a875b,a64531ebde46691c,train
295713,data/images/295713.jpg,sitting,train,,,1.4988290398126465,http://images.cocodataset.org/val2017/000000295713.jpg,295713.jpg,6ad91f53f6e9d9c788852373253089e9e97238879e31bbb5315e76a0bbb6e299,fe32d14c234eb741,train
273132,data/images/273132.jpg,sitting,train,,,1.0110584518167456,http://images.cocodataset.org/val2017/000000273132.jpg,273132.jpg,47c193daee58cb96aff2335e1e3eca8c1bb4cd7e80542a85aafe35fb45576538,ae91c49cd1ccb06f,train
476415,data/images/476415.jpg,standing,val,,,0.665625,http://images.cocodataset.org/val2017/000000476415.jpg,476415.jpg,a2a7431e72c7c5cf9973f126c5563a434ec4a1a7f014c030696c33434ed03fb2,e486435396721bf5,val
292082,data/images/292082.jpg,sitting,train,,,1.0,http://images.cocodataset.org/val2017/000000292082.jpg,292082.jpg,c819976fc2e5cf477bbf8e647896646607c5f332ccd22862c909678fe75e8ed7,fa66e01eb5609e38,train
122046,data/images/122046.jpg,sitting,train,,,0.6671875,http://images.cocodataset.org/val2017/000000122046.jpg,122046.jpg,4bd45688ba9e814bcb787e71c389f971aa4b99ad2ff621361054d880ce4a7947,cc96794f663031da,train
352684,data/images/352684.jpg,standing,train,,,0.6625,http://images.cocodataset.org/val2017/000000352684.jpg,352684.jpg,da8028056a1503782c966bfb4643cd9ec67a926be49f45016b5f968fbc5579e9,d818667b81267ed9,train
512836,data/images/512836.jpg,walking_running,train,,,0.75,http://images.cocodataset.org/val2017/000000512836.jpg,512836.jpg,f9f4c714e1a2eee17e4bd93710c16b5ee3e47f8e6e9baa1d4fd6eff2c8bfb13c,bb2cc47bce859158,train
177015,data/images/177015.jpg,sitting,train,,,1.3333333333333333,http://images.cocodataset.org/val2017/000000177015.jpg,177015.jpg,13bc4db7ed2ac2612fd03cbb25a597712f99cf1e44784d4abde5aca47f6999c7,9c585ded12a77849,train
288042,data/images/288042.jpg,walking_running,train,,,1.3333333333333333,http://images.cocodataset.org/val2017/000000288042.jpg,288042.jpg,e914c0385ad155f468011797f4203ae3d43add6793154a3258f3efc2c87792d7,cfd0d595d4253127,train
347265,data/images/347265.jpg,walking_running,train,,,0.6671875,http://images.cocodataset.org/val2017/000000347265.jpg,347265.jpg,4c60eee093fa352796acb750d77f360b71b5e0bbc4879d929e9113bb04c6454f,8666e90639f9d668,train
264535,data/images/264535.jpg,sitting,train,,,1.0,http://images.cocodataset.org/val2017/000000264535.jpg,264535.jpg,85c6121926cd8232a483e207109bf97f585cbb83861867771d87fc04e52c7c20,9e35296f84920d7b,train
337055,data/images/337055.jpg,sitting,train,,,1.4988290398126465,http://images.cocodataset.org/val2017/000000337055.jpg,337055.jpg,a6182f269c232a632a3ddba5ac6e0f730bd4f61c8ab31fc236b988c422768237,ad9376494ae23999,train
100624,data/images/100624.jpg,walking_running,train,,,1.4988290398126465,http://images.cocodataset.org/val2017/000000100624.jpg,100624.jpg,853ddfac5c8827aa25601a84670c8b162830421f9759ef0e21f9be980aa1ae98,c43c85d51fcb564a,train
202228,data/images/202228.jpg,standing,test,,,0.75,http://images.cocodataset.org/val2017/000000202228.jpg,202228.jpg,f21ab0c8495622bb8dee961d19a9cf07ce15195e1ef65c52a954c9b3d6f5d606,b6b5cc3f20cd2299,test
403565,data/images/403565.jpg,standing,val,,,0.6984375,http://images.cocodataset.org/val2017/000000403565.jpg,403565.jpg,7728a697d1e46e038de2baebdd0c18bb8aa8646ff67ded3ea2c5621654c88e62,f2d28c2da1e67e84,val
441586,data/images/441586.jpg,standing,train,,,1.5058823529411764,http://images.cocodataset.org/val2017/000000441586.jpg,441586.jpg,c440bd5d515fd7029461c718796ba133bfbffd3bbf267b0d02ec499378ca3d76,c65a09b31b6c3b39,train
570539,data/images/570539.jpg,sitting,train,,,0.744,http://images.cocodataset.org/val2017/000000570539.jpg,570539.jpg,adebfe6c709de875533fe7e9c8b94eb0b71b62f7cc2216e1aef5d21287dcab6f,c6d2db792fa3280c,train
11197,data/images/11197.jpg,standing,train,,,1.4988290398126465,http://images.cocodataset.org/val2017/000000011197.jpg,11197.jpg,b6dbcc5c9e52f51480c4974ae6b15003ce25cd98fb936e2f26694fb7058fdbcb,c03f6da0b35c370d,train
21167,data/images/21167.jpg,standing,test,,,0.665625,http://images.cocodataset.org/val2017/000000021167.jpg,21167.jpg,b77df96f91ed9a0842559ea8a238d602d4a09069b9129c43a9d62a27361df156,b6b6ad2d16564643,test
297578,data/images/297578.jpg,walking_running,train,,,1.7793594306049825,http://images.cocodataset.org/val2017/000000297578.jpg,297578.jpg,75910e3bad10ece753c3872a043a2a91d6b0d8c3f0fb7cbf9ec5623ae14c3e6e,d4dd703023c7bcc3,train
164602,data/images/164602.jpg,standing,val,,,1.3333333333333333,http://images.cocodataset.org/val2017/000000164602.jpg,164602.jpg,bcc0f7303a2b0a9dfe5763b18c7be050166fe770d9ffeb72f0f97571f08179f1,a39e99cccec44fc0,val
67180,data/images/67180.jpg,sitting,train,,,0.75,http://images.cocodataset.org/val2017/000000067180.jpg,67180.jpg,ab41dd4de57cbe9067c5d279778605032b3b44832e679f44af1cfde72e8911ea,f5e627599824598b,train
525155,data/images/525155.jpg,walking_running,val,,,1.5023474178403755,http://images.cocodataset.org/val2017/000000525155.jpg,525155.jpg,385a229129bb4eeeb3a309c61cfd6e2ff03ea7f57b3eacf2b4b1c59958f6b22a,ed9693d1724acc68,val
253835,data/images/253835.jpg,standing,train,,,1.3333333333333333,http://images.cocodataset.org/val2017/000000253835.jpg,253835.jpg,e9e8947e76d5fc5d49b1b94a7f96bb88f873d3bd75362b3e5cde0f885962d9dd,cab4e50b76e9087a,train
163257,data/images/163257.jpg,standing,train,,,0.6640625,http://images.cocodataset.org/val2017/000000163257.jpg,163257.jpg,9504f1c6b744bac92a9072750b9b27e223e707798ef1a6e14afdbd867113e9c0,e65a3e2771581927,train
414385,data/images/414385.jpg,walking_running,train,,,1.3333333333333333,http://images.cocodataset.org/val2017/000000414385.jpg,414385.jpg,14794d8f9a4d7241f55e3dc15794a8063b83bbc0ae95f4b787aca5891a48bc3b,dcf26618cb36886d,train
130586,data/images/130586.jpg,walking_running,train,,,0.6671875,http://images.cocodataset.org/val2017/000000130586.jpg,130586.jpg,3214da76b09571a07b5a4f9e5d4ac5afd802117110cc3bbfd797008d0af536e9,e699a6e55142e3e1,train
349184,data/images/349184.jpg,sitting,val,,,0.66875,http://images.cocodataset.org/val2017/000000349184.jpg,349184.jpg,4bb0d5850695a09964d7f111ba8bf70233fd4798332aae8add1648ef736a1de3,bcd3cda830ac52dc,val
327601,data/images/327601.jpg,sitting,train,,,0.666,http://images.cocodataset.org/val2017/000000327601.jpg,327601.jpg,758f92fcfe44c865eae2d8905cfff482a838255c037a3e2bb3b7c6cc5d53d64a,bcb0d34cc8cff0c2,train
277020,data/images/277020.jpg,sitting,train,,,1.7777777777777777,http://images.cocodataset.org/val2017/000000277020.jpg,277020.jpg,791eb6de6cf059c67b2b7809cd5132b3708ed39d36a1f67c55714a91391b3cfc,c3cf3c3c30d86663,train
360960,data/images/360960.jpg,walking_running,train,,,0.665625,http://images.cocodataset.org/val2017/000000360960.jpg,360960.jpg,574c21ac9a17d685ccb2077c8c977ea2b20e419aa0a9d684a17b5be072fe58a5,cc53f1ec3a351b82,train
567640,data/images/567640.jpg,walking_running,train,,,1.5058823529411764,http://images.cocodataset.org/val2017/000000567640.jpg,567640.jpg,1576fd53f061a31167d63e752e8c1bb1d31f87677fb764b8544353d3cf517a61,92f27f690d1e182e,train
163562,data/images/163562.jpg,standing,train,,,1.5015015015015014,http://images.cocodataset.org/val2017/000000163562.jpg,163562.jpg,1701aa65e43d7e6e0014d11129161737ce791b61cbd1b3f36070c8bca0f9644b,e7aa6a621a017dcb,train
232563,data/images/232563.jpg,walking_running,test,,,0.75,http://images.cocodataset.org/val2017/000000232563.jpg,232563.jpg,601e0bfd4627087ed9a402fa549077d6cb1b1fc78d93c8a87d22478fb4d99cb8,f4c68750f98abe03,test
17436,data/images/17436.jpg,sitting,train,,,0.7515625,http://images.cocodataset.org/val2017/000000017436.jpg,17436.jpg,8ea0f1195969c20030b2a7d90d008643582abeb0b7bff59a2fdd555d79c14ebf,c4c4b71552d29e37,train
571718,data/images/571718.jpg,standing,train,,,1.4988290398126465,http://images.cocodataset.org/val2017/000000571718.jpg,571718.jpg,dce1a732ac3d4a47f05c5013d25124d576d1f8b2127e75b143023f296f79c83f,c9315d782f0f83a6,train
372819,data/images/372819.jpg,walking_running,train,,,1.5023474178403755,http://images.cocodataset.org/val2017/000000372819.jpg,372819.jpg,ba959429e80e0291609b81caa25e1a31abb24a3de0df6c7f1f68dd1649349d47,dbca2635253558cb,train
87144,data/images/87144.jpg,sitting,train,,,1.3333333333333333,http://images.cocodataset.org/val2017/000000087144.jpg,87144.jpg,3d3d624580aa9ac8a5894d08379d203bc5476f688095f4d264672091e996f3c4,a67ee940776d1341,train
60347,data/images/60347.jpg,sitting,train,,,0.75,http://images.cocodataset.org/val2017/000000060347.jpg,60347.jpg,18e94efcf2eefc061ee834216fce0c436f5f2efe08269f2499cf6b5c628b342d,dacc6633932d4c9a,train
13659,data/images/13659.jpg,sitting,val,,,1.3333333333333333,http://images.cocodataset.org/val2017/000000013659.jpg,13659.jpg,b357d19dee467587a8788ac4e5b45677f4fde1b62726c690795e188ae75d822b,f148a4999f859697,val
508101,data/images/508101.jpg,standing,train,,,1.3333333333333333,http://images.cocodataset.org/val2017/000000508101.jpg,508101.jpg,4bd7415ddffac93369a40f5592cffecd16cc2fac73d9ab34459f329a36aba295,d195403f4df01f0f,train
351810,data/images/351810.jpg,sitting,test,,,1.3333333333333333,http://images.cocodataset.org/val2017/000000351810.jpg,351810.jpg,d2ec0b82cd82dd44a6c58b4323928d3e775b630c47a6290bff697eba42935aca,9d403f8372ed8393,test
338624,data/images/338624.jpg,walking_running,val,,,1.7777777777777777,http://images.cocodataset.org/val2017/000000338624.jpg,338624.jpg,4c5c6043189c6a5d4c880a0a311b874873edcdb404054cc21f499280e38638ba,c367a64ea4b74326,val
439522,data/images/439522.jpg,walking_running,train,,,0.66875,http://images.cocodataset.org/val2017/000000439522.jpg,439522.jpg,663545f71af556370c7cba7fd8010a665d00c0b477075562a3d7669c6d853ad3,ed7295d98a5c2a25,train
425702,data/images/425702.jpg,walking_running,train,,,2.0253164556962027,http://images.cocodataset.org/val2017/000000425702.jpg,425702.jpg,7fa5c5110c8d0e6b49887a5b2312b7441231346558d9598306b4e6bcd6edb5d5,b3194ce6a39b4c66,train
481573,data/images/481573.jpg,standing,train,,,1.001564945226917,http://images.cocodataset.org/val2017/000000481573.jpg,481573.jpg,4e84dea6549eb1c36daa3e7fa6a454eab6fb5910318c2e9ac1482034fa4ea918,84126b68dbb5d66c,train
183675,data/images/183675.jpg,sitting,train,,,1.5533980582524272,http://images.cocodataset.org/val2017/000000183675.jpg,183675.jpg,8426c054e2f6642692aa90364c3f5bcf987c3dae401a3caed7721375c69c4b11,e598c6bb5895ee10,train
105264,data/images/105264.jpg,walking_running,train,,,1.4988290398126465,http://images.cocodataset.org/val2017/000000105264.jpg,105264.jpg,b50b07e5e896fcbca93bc91392a327bb7800ae9322b7331f577f41889fa01cf8,ddd0c21331b5c8e7,train
106757,data/images/106757.jpg,standing,train,,,0.665625,http://images.cocodataset.org/val2017/000000106757.jpg,106757.jpg,3638552bcd5b55fbbd710dbef5cbc4cb142b375397d006104fc87350683d7ad7,b7e8c8a691cf845c,train
93437,data/images/93437.jpg,standing,train,,,1.7728531855955678,http://images.cocodataset.org/val2017/000000093437.jpg,93437.jpg,7c9c2698d8cb9f2d424196cd29bed724d7f9aa9fb0e46dc152b598c94861a4ea,96b7682849c6e796,train
103548,data/images/103548.jpg,walking_running,train,,,1.3333333333333333,http://images.cocodataset.org/val2017/000000103548.jpg,103548.jpg,648b0a9ebc1f0ed502380ddf6843867c987e2ddeeda6f1d2b97d94f0e829ae9d,9c1cbd9183872fe8,train
568439,data/images/568439.jpg,walking_running,val,,,1.425389755011136,http://images.cocodataset.org/val2017/000000568439.jpg,568439.jpg,64c1cdcc5b25368e8b522832ffe6e286ec264a32b1abfaa48ee94579f00319c0,92d2dbf9c58c464c,val
198510,data/images/198510.jpg,walking_running,train,,,1.0,http://images.cocodataset.org/val2017/000000198510.jpg,198510.jpg,5a5cb0cd390d6fa510669250d52058d8c3f4dc2024ff7ad727a0b5cdfc35a674,a68f4839b3ee5c18,train
133567,data/images/133567.jpg,standing,train,,,1.4953271028037385,http://images.cocodataset.org/val2017/000000133567.jpg,133567.jpg,aba5ed0528d69067d47bfd8338a85f048f2e0c38ca327ba937c05782f9ead100,e8f5f50b8b972068,train
190140,data/images/190140.jpg,standing,train,,,1.4953271028037385,http://images.cocodataset.org/val2017/000000190140.jpg,190140.jpg,abade429d12b97abe8d8e437d38fa2beda1058343ddbc46fa5bdd80000aa6c32,d4c9b09c8f33692e,train
32901,data/images/32901.jpg,standing,test,,,1.1721611721611722,http://images.cocodataset.org/val2017/000000032901.jpg,32901.jpg,92ab99b7bc4581270d47ad6b1f7f1b06c9b7615e226c68cd8691726cbc53c264,c4d35aeec46d2316,test
422836,data/images/422836.jpg,walking_running,train,,,1.3333333333333333,http://images.cocodataset.org/val2017/000000422836.jpg,422836.jpg,5e15339c64fdb9957d689d26a73d2de652535b294c1627d874f76ff591494599,aeb2d731c6ceb088,train
213547,data/images/213547.jpg,sitting,test,,,0.75,http://images.cocodataset.org/val2017/000000213547.jpg,213547.jpg,61b9b72eba0c02967cfab34df829cdd10e41c2c00e5a43be8db39d97bf43747b,f6a19e03d27c0717,test
467511,data/images/467511.jpg,standing,train,,,0.65,http://images.cocodataset.org/val2017/000000467511.jpg,467511.jpg,19b802f8dd06dcad456ef8577e8994b9192c1a1187a7f85b5b26a3d7899d9a09,cd0dcf66c7479920,train
297022,data/images/297022.jpg,standing,train,,,1.2698412698412698,http://images.cocodataset.org/val2017/000000297022.jpg,297022.jpg,301882dc7008eed384bf6229ce1d21f1b70edcd1d9a75f9cf74439623f34c8ff,fbf484e95b126624,train
453166,data/images/453166.jpg,standing,train,,,1.5058823529411764,http://images.cocodataset.org/val2017/000000453166.jpg,453166.jpg,740ace4e07c47316c869b553286c9f2a8bb3fe87417b924ea0e4eb1f38e8326f,faf48704007b78ee,train
161032,data/images/161032.jpg,standing,train,,,1.3333333333333333,http://images.cocodataset.org/val2017/000000161032.jpg,161032.jpg,8c57b1f9042b59d09a82cfea238c0f11bca7ed54ad57a52c5a24b7b59c7b556e,b5744a4b6bd2b494,train
419974,data/images/419974.jpg,standing,test,,,0.665625,http://images.cocodataset.org/val2017/000000419974.jpg,419974.jpg,eff82e4b2a14a39e1f76d1ef1f4dc986866d985f679367e45c8c071a1f4078cf,b64c591a574ae5a9,test
54654,data/images/54654.jpg,standing,train,,,0.6359375,http://images.cocodataset.org/val2017/000000054654.jpg,54654.jpg,e3e0a05408aa5e2a0a6554a51a4aa8c6707b149e97865ecd11a46be9ca6df16b,cc3bd4181cfc38d9,train
542423,data/images/542423.jpg,sitting,train,,,1.5058823529411764,http://images.cocodataset.org/val2017/000000542423.jpg,542423.jpg,d741aa1df43eb6907db785a7a3ac80fd63ec7595183d3c4a4a94795fad7bd6e5,a4db93ce131364b5,train
140556,data/images/140556.jpg,standing,train,,,1.400437636761488,http://images.cocodataset.org/val2017/000000140556.jpg,140556.jpg,132750613623f8796699dc0e4c6f70aea6c9e0fa09dadd37d72b9df729a01a1f,be856e798424b9cc,train
413395,data/images/413395.jpg,sitting,train,,,1.520190023752969,http://images.cocodataset.org/val2017/000000413395.jpg,413395.jpg,e101bdf508bf0a74adb38301dc97cb0612fa95a84e2a660eb97749b31edec18a,980c78b5c7bc58a7,train
427160,data/images/427160.jpg,walking_running,train,,,1.25,http://images.cocodataset.org/val2017/000000427160.jpg,427160.jpg,34d59037b3289cea82204ddd5067a9736a987276fb83839d6dab8d126042d65f,c837e9f895439538,train
522889,data/images/522889.jpg,walking_running,train,,,0.6625,http://images.cocodataset.org/val2017/000000522889.jpg,522889.jpg,ac093b5d634e2d243b65ca3fa6c52ee2ac61e9285407cc8f0c80eda55bc481c1,e646c6c243cbcb8b,train
461751,data/images/461751.jpg,sitting,train,,,1.124780316344464,http://images.cocodataset.org/val2017/000000461751.jpg,461751.jpg,7dcf0c5f5135b3e8eedbda7794d0eb4a03e129a742468620a6e3918a14f79fca,9803aedcc6c916de,train
466986,data/images/466986.jpg,standing,train,,,1.338912133891213,http://images.cocodataset.org/val2017/000000466986.jpg,466986.jpg,8fc3fb29c9647c2c685bf3152703bcdac24f4cb39c16b317ab02c5a1eeaa515c,bf7cd0878128b86b,train
229358,data/images/229358.jpg,standing,train,,,1.5130023640661938,http://images.cocodataset.org/val2017/000000229358.jpg,229358.jpg,2c8d100ab71de8b3ef22f3d0999aec2174bf10a911712e1d7bb3de1e2def6eb7,9599db82d0d4aae6,train
389532,data/images/389532.jpg,standing,val,,,1.520190023752969,http://images.cocodataset.org/val2017/000000389532.jpg,389532.jpg,dbbd71bdca1e21d52a9e0ec34d0ed68141e45ab804e67d5adefa392b00378b98,ebd53481f92ad530,val
116439,data/images/116439.jpg,sitting,train,,,0.6703125,http://images.cocodataset.org/val2017/000000116439.jpg,116439.jpg,a0e9476784e5398887642f7c603fa755b7aa19c0b03b195047448c75a926eb7a,960c2433f34f4d79,train
252716,data/images/252716.jpg,walking_running,train,,,0.665625,http://images.cocodataset.org/val2017/000000252716.jpg,252716.jpg,03c8945e08a2835fc314bfdcce6c194067a97462124198ff8354ee343b6f20a7,b1b1931a5c516db3,train
61584,data/images/61584.jpg,sitting,train,,,1.3333333333333333,http://images.cocodataset.org/val2017/000000061584.jpg,61584.jpg,e86bc3f63f6196bf2bad02d494af460ea8ae183cc6893af23d3c9888b5c4adbe,d53997e6b4984d88,train
400803,data/images/400803.jpg,standing,val,,,1.4988290398126465,http://images.cocodataset.org/val2017/000000400803.jpg,400803.jpg,30ab2224ea490cdf0d603b6d901e87d964d6fb253657a91949832af2ddc8b585,ff80765192862dce,val
408696,data/images/408696.jpg,sitting,test,,,1.3333333333333333,http://images.cocodataset.org/val2017/000000408696.jpg,408696.jpg,b73523841e0dd790e28cfb7b74fa2081ac156e012f56aa6a63ddcb3a9545a8a1,f83a0a992e67517c,test
391375,data/images/391375.jpg,sitting,train,,,1.3943355119825709,http://images.cocodataset.org/val2017/000000391375.jpg,391375.jpg,668cc307e1066ceb163f2ef4aa44383c78bdaa5ddcceba3907a8dee0ce531a10,d02c0577ef19ec31,train
432553,data/images/432553.jpg,sitting,train,,,0.6671875,http://images.cocodataset.org/val2017/000000432553.jpg,432553.jpg,628eaebb3261c5783b05de832062e0339bbb884e47d10f804908d08ebdebf42e,cdcec6d9e1f29810,train
340451,data/images/340451.jpg,sitting,val,,,1.509433962264151,http://images.cocodataset.org/val2017/000000340451.jpg,340451.jpg,566aa2a499299e354e2127a702783ca64efa9e2e8ed77c9ffcea10d7ad3cb8e4,d9dde2a685831e2c,val
442456,data/images/442456.jpg,sitting,train,,,1.797752808988764,http://images.cocodataset.org/val2017/000000442456.jpg,442456.jpg,edc04913d2e51d0146a5a2a3dd6a30945ad51df77d2cd16d70a91ece69ea4f6d,8c7ee178ce8425e5,train
281929,data/images/281929.jpg,standing,test,,,1.2698412698412698,http://images.cocodataset.org/val2017/000000281929.jpg,281929.jpg,b300f819b43b6f41bda197dde44a7a715b77623398a60030fca7fc2231451b9f,f6f68d10f2738246,test
257896,data/images/257896.jpg,standing,train,,,0.75,http://images.cocodataset.org/val2017/000000257896.jpg,257896.jpg,07e67ce7f02d5f5a66f79bfba8eb0fc42598d38fae55e353c22a59aca1be770c,f8b5e1b0811b1b79,train
442746,data/images/442746.jpg,standing,val,,,1.3333333333333333,http://images.cocodataset.org/val2017/000000442746.jpg,442746.jpg,a94c822ddd934183bc868b4a03c61c809a87bb1cb0bb90ccf1c5c06531bf94fc,f173f170b8b89494,val
476770,data/images/476770.jpg,walking_running,train,,,1.5023474178403755,http://images.cocodataset.org/val2017/000000476770.jpg,476770.jpg,d422b950c039d32c351565e096532dd7e13e65301f312493eae8f265f446ddce,926aa9cb949636ce,train
546976,data/images/546976.jpg,sitting,train,,,1.3333333333333333,http://images.cocodataset.org/val2017/000000546976.jpg,546976.jpg,f1ac304d998ecafa9a23ad334d869744e3f1b8ac3ea1c12596a4bde4a146a00e,9a226cc89bf9609f,train
277005,data/images/277005.jpg,walking_running,train,,,1.5023474178403755,http://images.cocodataset.org/val2017/000000277005.jpg,277005.jpg,3cfea124dbcca946c927f9fefe4314b1a41ff8374adb316bdd969aca100b3d85,a9ebd534c2ad7d00,train
455157,data/images/455157.jpg,sitting,train,,,1.0,http://images.cocodataset.org/val2017/000000455157.jpg,455157.jpg,bf4ca4bfd993f2c296c03f0ec05b42504d38d3252db9b4fbfd75cb3eef3ecb0d,b657d63ad630188d,train
273232,data/images/273232.jpg,walking_running,test,,,1.5058823529411764,http://images.cocodataset.org/val2017/000000273232.jpg,273232.jpg,d54aca7cd1dc830c253347f9101d3b2381f31b4f9dec5107b54f2ea0d5bc044e,a396cc691ae5076e,test
365642,data/images/365642.jpg,sitting,train,,,0.665625,http://images.cocodataset.org/val2017/000000365642.jpg,365642.jpg,74a8403ed7515330bca8c58cd1ad16d703507b8d3161fc7dc0d12272152d99fc,e19c98b86d31bcc3,train
396518,data/images/396518.jpg,sitting,test,,,1.3333333333333333,http://images.cocodataset.org/val2017/000000396518.jpg,396518.jpg,99c61958bdc57c9c073bc33ac8fda6dcb8f634c73dcce369bff5612b05d85b5e,85644a2bf517a2de,test
477689,data/images/477689.jpg,standing,train,,,0.7171875,http://images.cocodataset.org/val2017/000000477689.jpg,477689.jpg,0a3c907a7e647d6c095dc91cdd7ac3823344f4ab1429faad7ce3d5cccde1638b,ec3b91e492c899e5,train
258541,data/images/258541.jpg,standing,train,,,0.75,http://images.cocodataset.org/val2017/000000258541.jpg,258541.jpg,b8f193ba56ea637626ac4f754f8c5d7192660fadab754c59e368048d212be01d,d0cb2e92d917c91b,train
63047,data/images/63047.jpg,walking_running,train,,,1.1408199643493762,http://images.cocodataset.org/val2017/000000063047.jpg,63047.jpg,a22d4aa86990d164396b37a5e95eba6e82ff36cddcfca557fc8501136591133e,814abe6d71a2c98f,train
489339,data/images/489339.jpg,walking_running,train,,,0.665625,http://images.cocodataset.org/val2017/000000489339.jpg,489339.jpg,4e73bea0e5458aaba76e67979fb8ffa9e24c038edd19edc79f261fbf7f09368f,bee19a9b30a7261a,train
545594,data/images/545594.jpg,standing,train,,,1.25,http://images.cocodataset.org/val2017/000000545594.jpg,545594.jpg,e1fb3683859a5026970906fbb490ee7476c00c385256cf12193f6e8ddda23578,9eda54345595e9a1,train
151657,data/images/151657.jpg,standing,val,,,0.6015625,http://images.cocodataset.org/val2017/000000151657.jpg,151657.jpg,bd88b576a7a7958e965a2a455044ca699244fd90301bb3224b6918d14224e4d9,be91d0f8484a2f37,val
313454,data/images/313454.jpg,standing,train,,,1.649484536082474,http://images.cocodataset.org/val2017/000000313454.jpg,313454.jpg,c7b1093724ffeaf62882a54908dcdf7180e7b620b8efd47e56ffc0d3c556a9cf,b4f05b6758496758,train
269316,data/images/269316.jpg,walking_running,train,,,1.4953271028037385,http://images.cocodataset.org/val2017/000000269316.jpg,269316.jpg,e0c8cac89ad9cf5f5d2e5a945def3366fde904e41783f543c1de7e0d5926051c,cd44b38f84723bcc,train
475191,data/images/475191.jpg,walking_running,train,,,1.3333333333333333,http://images.cocodataset.org/val2017/000000475191.jpg,475191.jpg,3c3ae123f4e1542ce2c8de13539c302e9ec15e9916458656966bf7af98168df1,995372264cd8e7a3,train
261535,data/images/261535.jpg,walking_running,train,,,0.6765625,http://images.cocodataset.org/val2017/000000261535.jpg,261535.jpg,0d5aba38a1f08c28f4fcdce277a889edfc9f570b842fe4a0eb021f18e178992b,9bb9e4a6969a98a8,train
577932,data/images/577932.jpg,walking_running,val,,,1.1786372007366483,http://images.cocodataset.org/val2017/000000577932.jpg,577932.jpg,593d4d8a69f21f4821e0bdd1d9f90e77084b31fb951090b549915a986b0633fe,f68cde7326363160,val
389812,data/images/389812.jpg,standing,train,,,1.3333333333333333,http://images.cocodataset.org/val2017/000000389812.jpg,389812.jpg,5faf03376e4da84ebcf9b029ccf5199d42f2956e118f27dcce743c358399b147,9638679664a5975c,train
491090,data/images/491090.jpg,sitting,train,,,0.746875,http://images.cocodataset.org/val2017/000000491090.jpg,491090.jpg,4ba267554825ed78b348a4e6fefaa11e6142c41d09695be553fe4083fa9a9eee,e48acae78d1a3a69,train
374052,data/images/374052.jpg,sitting,train,,,1.4988290398126465,http://images.cocodataset.org/val2017/000000374052.jpg,374052.jpg,479a1d13dd9f3744a61e8abc34df64b41793e807be0bcbf3ad3bc3768eda4f71,b69311a6b4c8ce6d,train
319534,data/images/319534.jpg,standing,val,,,1.3333333333333333,http://images.cocodataset.org/val2017/000000319534.jpg,319534.jpg,cb018144e2a6a2b66f620f12df0e2ac05f5e2daea8923aeb0000e94a55a3ea58,c25ce3c98f8b8d4a,val
49259,data/images/49259.jpg,sitting,train,,,0.6671875,http://images.cocodataset.org/val2017/000000049259.jpg,49259.jpg,75deea304839610c4f1d2312046b8c7d01ba6f350512a507d95abf2c7859ba7f,92fbe4923dc01e65,train
144333,data/images/144333.jpg,sitting,val,,,0.665625,http://images.cocodataset.org/val2017/000000144333.jpg,144333.jpg,7acabef5186a84189013c5fc859fe9e76f9507a00b20dc758d3e916d16a0f96c,b595da6c0c6e1f03,val
375493,data/images/375493.jpg,standing,train,,,1.3333333333333333,http://images.cocodataset.org/val2017/000000375493.jpg,375493.jpg,00d649a45082e0a1fada27c1c603f0ca4a70a63f34c5f1bc349ef9777bff6a70,cc4cb33366cc9e64,train
182805,data/images/182805.jpg,sitting,train,,,1.7777777777777777,http://images.cocodataset.org/val2017/000000182805.jpg,182805.jpg,e502d762b1a264156f1e6349702d742d6cdddd40a2b54a3390acbd8e5059d1dd,bbb16365979a8911,train
291619,data/images/291619.jpg,walking_running,val,,,1.4988290398126465,http://images.cocodataset.org/val2017/000000291619.jpg,291619.jpg,73cb06724bec6c23521243b750b1c4a5766b44a352bca0e7dbbe6e4692455fc9,8379bc2e43e1ae1c,val
216296,data/images/216296.jpg,walking_running,train,,,1.4988290398126465,http://images.cocodataset.org/val2017/000000216296.jpg,216296.jpg,1f081a21d9cc1c50f01f970b43f224d6676f9b4c895277d5cd53adf166795415,c426278c8edbd87a,train
464476,data/images/464476.jpg,walking_running,train,,,1.3333333333333333,http://images.cocodataset.org/val2017/000000464476.jpg,464476.jpg,deff20ffbf74ff69dfd3b399b29b666e9bfff4281d5d3afa08608da9dc08a12a,cecf33946a30393a,train
11149,data/images/11149.jpg,standing,train,,,1.3333333333333333,http://images.cocodataset.org/val2017/000000011149.jpg,11149.jpg,5973b8f1d5a30de98b1dcb715f1c94928a676fff8e45283515d0474e51ac0abc,a232970e6d7cca27,train
393569,data/images/393569.jpg,sitting,train,,,1.3333333333333333,http://images.cocodataset.org/val2017/000000393569.jpg,393569.jpg,83f53c85f83977281211de6cd34a7eef01944b02704b17a25cf213e839586256,95b45b4a83b4f4a5,train
363875,data/images/363875.jpg,sitting,train,,,0.871875,http://images.cocodataset.org/val2017/000000363875.jpg,363875.jpg,2fa0ce12df50ef1149d6c56830276384dfa5e79a248d20087365856a079b9758,b7a0fb79940a8f44,train
366884,data/images/366884.jpg,sitting,train,,,1.3333333333333333,http://images.cocodataset.org/val2017/000000366884.jpg,366884.jpg,7d41c97dc524e33c5005651a44c75e6629d9f7b05b48b9b430b76db77765e0a8,a5815abd6e91833e,train
551794,data/images/551794.jpg,sitting,train,,,1.3333333333333333,http://images.cocodataset.org/val2017/000000551794.jpg,551794.jpg,4742da4db578ed6cdcb557661c7cff1e53e974d6c43762b324d904ba64e05a5d,914e3eb159797312,train
94326,data/images/94326.jpg,sitting,train,,,0.75,http://images.cocodataset.org/val2017/000000094326.jpg,94326.jpg,492ffd8a904c5f016947af4928607b8978c10d3d46dbf9231e394162c26f6263,c5f63649b0b74a45,train
209222,data/images/209222.jpg,sitting,val,,,1.4988290398126465,http://images.cocodataset.org/val2017/000000209222.jpg,209222.jpg,cb6be3112e07d25a03004f74fa58e604f50db93336551f120df6fcba4282adfb,956a4f1aa5da344b,val
88848,data/images/88848.jpg,standing,test,,,1.0,http://images.cocodataset.org/val2017/000000088848.jpg,88848.jpg,b919218033c7e8beb8621a0d3ebf9e3460a06c6c7f0f2690433fe4be88d0dd64,fa67c0bd84c2a572,test
29397,data/images/29397.jpg,standing,val,,,1.425389755011136,http://images.cocodataset.org/val2017/000000029397.jpg,29397.jpg,4185e741b14c3e6e2b9da920217a988d08cb89dfc41d377c3aeb4f1e41d8c2f3,f4ca4f34cbe0274a,val
389684,data/images/389684.jpg,walking_running,train,,,1.3333333333333333,http://images.cocodataset.org/val2017/000000389684.jpg,389684.jpg,7cc081df6c129fbcead953fe0a4428dfc5d95de8ff90da100a19ecc7f8779279,8f8f5fb0a04c4e93,train
252294,data/images/252294.jpg,sitting,train,,,0.75,http://images.cocodataset.org/val2017/000000252294.jpg,252294.jpg,c6265f1b14063ecaf6cb45198b514c8184c06198b658f5c72aa0952c0d0b8d1d,9dbeb99cd258089a,train
492284,data/images/492284.jpg,standing,train,,,1.3333333333333333,http://images.cocodataset.org/val2017/000000492284.jpg,492284.jpg,fe7f8b4de9c3e062b413ae8e5688cb854a595bdcddc1b02566fb6e64b93b92fc,e9899cc596f28699,train
399764,data/images/399764.jpg,walking_running,train,,,0.6671875,http://images.cocodataset.org/val2017/000000399764.jpg,399764.jpg,4718432b741cb83a5b7720e96d22a9e58d3f7d7b274d033c153ad30b50b4f8ad,ccccd29badae1a84,train
151938,data/images/151938.jpg,standing,train,,,0.734375,http://images.cocodataset.org/val2017/000000151938.jpg,151938.jpg,4400e146316c97048244f429dc0e75979e5d992a9a2586631c8f78345381e433,98e661d8dcdc6493,train
580197,data/images/580197.jpg,standing,train,,,1.3333333333333333,http://images.cocodataset.org/val2017/000000580197.jpg,580197.jpg,e3de2e67d44d36afed4cc06bf35aec2b4a7cd3064e5c28c0342c98479ea2717a,9ad05c2bd92cc747,train
521259,data/images/521259.jpg,walking_running,test,,,1.400437636761488,http://images.cocodataset.org/val2017/000000521259.jpg,521259.jpg,95040dd15929de9ee3e0bdb17dc8455197cee814a2293a42c5cccd537565c0ac,ce5e1ec9c981911f,test
54931,data/images/54931.jpg,walking_running,train,,,0.6671875,http://images.cocodataset.org/val2017/000000054931.jpg,54931.jpg,a49694d5dc982701f33a1d449a3ff7ebf953d1947ca141352097fb2528b10d1b,f6322e6d861363c5,train
249180,data/images/249180.jpg,walking_running,train,,,1.4988290398126465,http://images.cocodataset.org/val2017/000000249180.jpg,249180.jpg,685bd913e0bfbbcd9d91b2368c219696308f51ba4f9428b077584d64b5a6ae83,84813b5e130f1ff3,train
365655,data/images/365655.jpg,standing,train,,,1.4988290398126465,http://images.cocodataset.org/val2017/000000365655.jpg,365655.jpg,66762bdbb86e5f1aa51134a1ea4e02c9c70f0e9c3bcb6beae6d25c97e2adb4c9,9499fb6e45b130c9,train
182441,data/images/182441.jpg,standing,train,,,1.6040100250626566,http://images.cocodataset.org/val2017/000000182441.jpg,182441.jpg,8d34f24d1ed01ac22e5849346b72e4dbe5563799d08100f49bf5045f2c84e693,d92650164efd4f98,train
515025,data/images/515025.jpg,sitting,train,,,1.4988290398126465,http://images.cocodataset.org/val2017/000000515025.jpg,515025.jpg,842bf70b9f111af1b4ad64b8451d74a2032737e6a68d224665e441413dcd7b02,d326c09bb46d9770,train
568814,data/images/568814.jpg,sitting,val,,,1.7827298050139275,http://images.cocodataset.org/val2017/000000568814.jpg,568814.jpg,018b450a9f537a3aabeff85e2b1f966c6b0ce512323a0fbfdd6e1264f6c4b7f9,bccc8db333412373,val
472298,data/images/472298.jpg,sitting,val,,,1.6537467700258397,http://images.cocodataset.org/val2017/000000472298.jpg,472298.jpg,2a41373641db6cad8241770a61660f955a189001115b7b998bb18df04129583f,fd17026df2e00d5a,val
407943,data/images/407943.jpg,walking_running,train,,,1.4988290398126465,http://images.cocodataset.org/val2017/000000407943.jpg,407943.jpg,fd81b7cb10762771dd4e45ce75fa8fba56835ac9aa681930f5b4e23df8024696,95b26a6e339b0d0d,train
343803,data/images/343803.jpg,standing,train,,,0.6671875,http://images.cocodataset.org/val2017/000000343803.jpg,343803.jpg,0b632f3436577373d4ca2a7c0084adde69bcab6ad69a605eefd350a417fa861a,ad014f7ab12726cd,train
308793,data/images/308793.jpg,walking_running,train,,,1.3333333333333333,http://images.cocodataset.org/val2017/000000308793.jpg,308793.jpg,a11eae1711221ca28f3ad22e9c14b3fa045c1e3206eae82d754697d52902b1c7,dc4b60b0d79b1c8e,train
459272,data/images/459272.jpg,standing,train,,,0.75,http://images.cocodataset.org/val2017/000000459272.jpg,459272.jpg,86fcc50b7b87ac6fb66e75e2158d0017730a1f05c5e6351c0d3e87bb760223f9,b6bec1c1cc8f2e09,train
346703,data/images/346703.jpg,standing,train,,,0.859375,http://images.cocodataset.org/val2017/000000346703.jpg,346703.jpg,78d8c6e3f3b6d2a31aa3a834e226876dd39f61606c813bf61933265c9f85a63f,97a8aee86869f483,train
449909,data/images/449909.jpg,sitting,train,,,1.4988290398126465,http://images.cocodataset.org/val2017/000000449909.jpg,449909.jpg,a79689a7913c06a5b25a4da0fb2c453dc02f84aa889c5487942a821916a345e7,8d6ce3e278873865,train
172877,data/images/172877.jpg,sitting,train,,,1.3333333333333333,http://images.cocodataset.org/val2017/000000172877.jpg,172877.jpg,079e9dfb3eb9067760e402cb6d52b7d48037dba9ed1f81cd85929ec4b1c43ea5,b4950908d85b9efd,train
400815,data/images/400815.jpg,sitting,train,,,1.4988290398126465,http://images.cocodataset.org/val2017/000000400815.jpg,400815.jpg,2b12954b33d24104b1c77ed71d924c579f6a2b7d9d00de617b7ca8ce17ff340d,f1f010f6f4cb8561,train
437351,data/images/437351.jpg,sitting,train,,,0.798,http://images.cocodataset.org/val2017/000000437351.jpg,437351.jpg,0ab9e4c945f59f9b5da0d64fc45e200a64089b89345b563b83f2433e16cd7853,aacc95c2c7c59179,train
504074,data/images/504074.jpg,sitting,test,,,1.4988290398126465,http://images.cocodataset.org/val2017/000000504074.jpg,504074.jpg,20b41a4613f4764272f97bd4522ffeefd52cd0e9a7cb604578e2644a7dce4c83,d8f4e5b6a68d058a,test
200961,data/images/200961.jpg,walking_running,train,,,1.4988290398126465,http://images.cocodataset.org/val2017/000000200961.jpg,200961.jpg,26cdcb8e4613cbde04d1c3e9b6b9a3424e95e392df9abcf371a2bd5a50c825bd,c1496debca983b25,train
474854,data/images/474854.jpg,sitting,test,,,0.6625,http://images.cocodataset.org/val2017/000000474854.jpg,474854.jpg,0e66a2748ad65ccd3cb04e5163b77def18ae135109bfe19935ff7d3183eba7b4,bb968429d970a27d,test
380711,data/images/380711.jpg,walking_running,train,,,1.0,http://images.cocodataset.org/val2017/000000380711.jpg,380711.jpg,66d2aecfd634e951147d9472e05db168b72515b8cd06ddf8f2bb60206c0adac5,86dc19c126e6d9d3,train
506707,data/images/506707.jpg,walking_running,train,,,1.4988290398126465,http://images.cocodataset.org/val2017/000000506707.jpg,506707.jpg,7d41021f6690f97184495abbe2e70d45eba3816eff5f2a41e813011976254d3b,b3709a0de0e234df,train
350122,data/images/350122.jpg,walking_running,val,,,1.3333333333333333,http://images.cocodataset.org/val2017/000000350122.jpg,350122.jpg,b085635c2fe5c3ed28ace5f74ccd209027cf13ef40d623070860274757518c34,b5cd8c2d9cac0e6a,val
517069,data/images/517069.jpg,sitting,val,,,1.3333333333333333,http://images.cocodataset.org/val2017/000000517069.jpg,517069.jpg,3e571a8640aa7d8da1cbd762321cc51def8fde501bbe9de911fc1f4f87e04bbc,8384717c9e2db556,val
393226,data/images/393226.jpg,walking_running,test,,,1.3333333333333333,http://images.cocodataset.org/val2017/000000393226.jpg,393226.jpg,7cfb2fecb604d1f7e5429ab118ecda7fe84c296067ce8038a89e7ea8af836a0f,8fcfa1fa50853136,test
223188,data/images/223188.jpg,sitting,test,,,0.6671875,http://images.cocodataset.org/val2017/000000223188.jpg,223188.jpg,f922a1cca984ebe2f129aa3caf6067963a235de830cc5f49e4d1e23c2d77e76f,9bc4aaa9949a8b9e,test
203639,data/images/203639.jpg,standing,train,,,0.759375,http://images.cocodataset.org/val2017/000000203639.jpg,203639.jpg,6bfc106bf02f49054b9514ac8c084a4ca93f44458725f6b5ca700c6cea73d4b0,b3b189cdcc86b2e2,train
397303,data/images/397303.jpg,sitting,train,,,1.3333333333333333,http://images.cocodataset.org/val2017/000000397303.jpg,397303.jpg,1c8a18f308b9febf0994c0bb26eed328c8a21cdb36a63a4432695994bb984af2,c5b488af9330ad2f,train
369037,data/images/369037.jpg,standing,train,,,0.6640625,http://images.cocodataset.org/val2017/000000369037.jpg,369037.jpg,d6ff29e1dce6399b303c6cfa2a10934c0c2ff8286480147b43ec20ddbe1b179b,eec71a0db0bd5832,train
210388,data/images/210388.jpg,walking_running,test,,,1.5023474178403755,http://images.cocodataset.org/val2017/000000210388.jpg,210388.jpg,fa6c51682ef9eed545698b2a05c7009b257d0e4ff0443f4c4912f650a3f5695d,a1dbfe3009c136dc,test
22371,data/images/22371.jpg,sitting,train,,,1.5070921985815602,http://images.cocodataset.org/val2017/000000022371.jpg,22371.jpg,7023b465285e7fcc25c9272a9b24efc5df076ad982513ff6dec4c3c7842e734e,b1f05c07d6e6dc03,train
571264,data/images/571264.jpg,standing,train,,,1.5023474178403755,http://images.cocodataset.org/val2017/000000571264.jpg,571264.jpg,a310373f200737f37ab6e24eaca6f9cf54045e801eb112194506472901c97fe2,b6e6d939c1394915,train
1268,data/images/1268.jpg,sitting,test,,,1.4988290398126465,http://images.cocodataset.org/val2017/000000001268.jpg,1268.jpg,8e85a2e71ee512fe748a3a3be9bb40b8591e8c501c0f3896efcb5be5999ec236,c9d93634ccdf1720,test
401446,data/images/401446.jpg,walking_running,val,,,1.3333333333333333,http://images.cocodataset.org/val2017/000000401446.jpg,401446.jpg,c8866a5e483efeb8e1eb5e945d598015e8c46f0dad05cbfbc7cce0249488171b,e97be6a413a98c54,val
377239,data/images/377239.jpg,standing,train,,,1.4988290398126465,http://images.cocodataset.org/val2017/000000377239.jpg,377239.jpg,1b8fbf3bb1134cff5d6e1fb6c4ddbea036144b97cb93425bbea0db16c4d954bb,a596da3d61248e8f,train
47819,data/images/47819.jpg,standing,train,,,1.3333333333333333,http://images.cocodataset.org/val2017/000000047819.jpg,47819.jpg,e2f26106de0bf2dd49cda97b43771ca7788d9405cc78c1340445ead747d7d72b,f6cfc39c40b90ba4,train
170099,data/images/170099.jpg,standing,val,,,1.338912133891213,http://images.cocodataset.org/val2017/000000170099.jpg,170099.jpg,f2a5b87c4a5249e6b7c27fac24fb1e2994ebe22fe2a2f205f33893965c64b2b9,c5343bdc427b1ac3,val
474095,data/images/474095.jpg,sitting,train,,,0.666,http://images.cocodataset.org/val2017/000000474095.jpg,474095.jpg,6e216fd96173658eb945140933ef0c9ae23217a733f02765fe59f57f9db0ae6e,b1b29f8bc1cd49c4,train
222118,data/images/222118.jpg,standing,test,,,1.4988290398126465,http://images.cocodataset.org/val2017/000000222118.jpg,222118.jpg,08359f1eb5dd2c5779b22aded4d4425934ee7d78574bc3a9a6d887b4a1716e2e,b1ccc6339c6631ce,test
198928,data/images/198928.jpg,standing,train,,,0.75,http://images.cocodataset.org/val2017/000000198928.jpg,198928.jpg,9c981890805bdd497f2524632dc68158080a0d3b2da3c134cff7f2b2c7d87217,edcda01653edacc0,train
343496,data/images/343496.jpg,walking_running,test,,,1.6284987277353689,http://images.cocodataset.org/val2017/000000343496.jpg,343496.jpg,3e0a2faab9577bfb047aa66947f160ca681737e8b3ad8ef392e0ceeb96ae96bf,eeeec4501016ce7e,test
440171,data/images/440171.jpg,sitting,train,,,0.6421875,http://images.cocodataset.org/val2017/000000440171.jpg,440171.jpg,fc83614277d84eafe90c292704f5bc7597a2965c6b394bd36dea92bd481a4058,bb7cc2033423db4e,train
227482,data/images/227482.jpg,walking_running,train,,,1.3333333333333333,http://images.cocodataset.org/val2017/000000227482.jpg,227482.jpg,414a3054ddd7910c400c2df11cdffc1ef63e473e75dd92ab264ab6b66fe24575,c6393e4433c3d8dc,train
512985,data/images/512985.jpg,walking_running,val,,,1.3333333333333333,http://images.cocodataset.org/val2017/000000512985.jpg,512985.jpg,3a987fb6acc3d4f360cb097f1c715a7115ebca5f0023f01382e90f62fcc55058,89cff6106943ab95,val
181542,data/images/181542.jpg,walking_running,val,,,1.0666666666666669,http://images.cocodataset.org/val2017/000000181542.jpg,181542.jpg,c0fdc24e1516a871e5dd195ff34a0da7b2227ef6486492545fb2548743ba4bf5,deb4b05f05683639,val
129756,data/images/129756.jpg,standing,val,,,1.3333333333333333,http://images.cocodataset.org/val2017/000000129756.jpg,129756.jpg,46c0e8721b27741971feadc7eb37aa3d710e50294a3b27dbe8b522e3eab3295f,aaa6aca169a535b5,val
127660,data/images/127660.jpg,sitting,train,,,1.2475633528265109,http://images.cocodataset.org/val2017/000000127660.jpg,127660.jpg,13db68fbe96c079cc211cfdc9399c65a01bb66f8494087df76013084c72749ee,b9d1cf3e48cc3cc0,train
575243,data/images/575243.jpg,walking_running,train,,,1.4988290398126465,http://images.cocodataset.org/val2017/000000575243.jpg,575243.jpg,b2130d3995cec29cba8e38bc79c6a835406aa4906758ee90059e615f00079367,8dacc44b3575ba8c,train
468632,data/images/468632.jpg,walking_running,train,,,1.336116910229645,http://images.cocodataset.org/val2017/000000468632.jpg,468632.jpg,e46b9c2e8083aacc586872bdd7e609b3b3703f6fe47d32d1e5007372da5eddb7,b56fca20c5d850e7,train
125257,data/images/125257.jpg,walking_running,train,,,1.3333333333333333,http://images.cocodataset.org/val2017/000000125257.jpg,125257.jpg,bf79ea47afcbcb4674c88221c1114ac13f1f61506575f7b4517918981c558ab6,f4f479c981c4c1da,train
431693,data/images/431693.jpg,walking_running,train,,,1.5023474178403755,http://images.cocodataset.org/val2017/000000431693.jpg,431693.jpg,8b76a90509ef2ba2b902e9094e59d1d21e27317f84baaabeb0f2b2dc81bab1c8,d95dced81972c898,train
297353,data/images/297353.jpg,standing,train,,,1.0,http://images.cocodataset.org/val2017/000000297353.jpg,297353.jpg,04e3358c6cd07b5047134a7a5209818b13783baac0504438ebd385ccf84d65af,f0930f6cf81037a7,train
245448,data/images/245448.jpg,standing,train,,,1.3333333333333333,http://images.cocodataset.org/val2017/000000245448.jpg,245448.jpg,fb9fc13da201d2523fe43f36bcb2cbd474d6c0d03aed9f1f7d1768964f6bb4bb,bdbef6b698c88180,train
224724,data/images/224724.jpg,walking_running,train,,,0.75,http://images.cocodataset.org/val2017/000000224724.jpg,224724.jpg,78effdbaecaa4db9353c72b69b27969ef20359cf144ad47b244ffd0ab3265bf0,b6a23b370dd4de01,train
511076,data/images/511076.jpg,sitting,train,,,1.4988290398126465,http://images.cocodataset.org/val2017/000000511076.jpg,511076.jpg,9a159bde5fa9b68ab5f5ed7818091f0bbfc1402d328cf49ee845911cb85ad247,9bdadac4563e2609,train
18491,data/images/18491.jpg,walking_running,train,,,1.4988290398126465,http://images.cocodataset.org/val2017/000000018491.jpg,18491.jpg,195369c44ad1810c524d5523a556356b2ee384310d7493310ccb8165c42767ed,d37256182bb7590d,train
52507,data/images/52507.jpg,walking_running,train,,,1.461187214611872,http://images.cocodataset.org/val2017/000000052507.jpg,52507.jpg,7e6a1ae4cf32d80d068033a9c3ceeec13fb835e90460687bc4cd458fe9abdb02,c7291810c6e3bf9e,train
515077,data/images/515077.jpg,walking_running,train,,,1.336116910229645,http://images.cocodataset.org/val2017/000000515077.jpg,515077.jpg,d539581c8f79189c5f0fb5ab1f963ece3e4c54401a5d2d88fd0bbe62ad6d46b1,be24805f5b9870de,train
404922,data/images/404922.jpg,walking_running,val,,,0.736,http://images.cocodataset.org/val2017/000000404922.jpg,404922.jpg,a3bc50bef06d19ccb06394209dad825778760a1dba4f6d4e9448f0789c5e49ff,df402323368ecf96,val
441247,data/images/441247.jpg,standing,train,,,1.509433962264151,http://images.cocodataset.org/val2017/000000441247.jpg,441247.jpg,f9303a120fb7c70fd6fb5ef1020fb6a356066dbd5390788a0a449b7fda559f59,e4ad4a631c8c277b,train
527750,data/images/527750.jpg,standing,train,,,0.6671875,http://images.cocodataset.org/val2017/000000527750.jpg,527750.jpg,37880869f596cc072f87c5790adf42993b4492123fda01ddbd8de05de10baab3,a6ec9b1375b80663,train
192607,data/images/192607.jpg,standing,train,,,1.5058823529411764,http://images.cocodataset.org/val2017/000000192607.jpg,192607.jpg,df1cfbabe293d62e1ad29ebf0e79699de8c1cef2a09177c5192255846a756974,84c02577ed471b3d,train
549930,data/images/549930.jpg,walking_running,test,,,1.146953405017921,http://images.cocodataset.org/val2017/000000549930.jpg,549930.jpg,4b9c8d2bd7df7bb6653c2106eb785dde6cdb39dda55c792e704e0b3cd95bd0e1,bfb9b05e05e8e0c2,test
23126,data/images/23126.jpg,walking_running,test,,,1.4953271028037385,http://images.cocodataset.org/val2017/000000023126.jpg,23126.jpg,65917720776abafb2706e037fda7a9d90eb17b659bfa49ac20d19b06abff2e9e,b8980ffc5b64e053,test
132587,data/images/132587.jpg,sitting,train,,,1.5058823529411764,http://images.cocodataset.org/val2017/000000132587.jpg,132587.jpg,f2d7a375c81ce81285cb8fe0578803043235c95dde6b46f32b40d08963fc8fb2,b168269d6389d4db,train
424975,data/images/424975.jpg,walking_running,train,,,1.3333333333333333,http://images.cocodataset.org/val2017/000000424975.jpg,424975.jpg,c7e309a8b5fa02515556afacf38c9080013a0aed5370acfa1fcd239357bd0965,e78eda78c6621847,train
260261,data/images/260261.jpg,standing,train,,,0.665625,http://images.cocodataset.org/val2017/000000260261.jpg,260261.jpg,180ffab9081d865095612fa181befcfcba459138db4645f1a6dc5ea6596612bd,a51633334d4d4aeb,train
170955,data/images/170955.jpg,walking_running,train,,,1.4988290398126465,http://images.cocodataset.org/val2017/000000170955.jpg,170955.jpg,874c166cd635cc8a19ffe038eb3939195f83b3b9e8b6611e5e5aad8664b3aa00,caada5e99a560e92,train
172617,data/images/172617.jpg,sitting,train,,,0.75,http://images.cocodataset.org/val2017/000000172617.jpg,172617.jpg,1b0d3054f74fb3a474d5a92907f13a8dfa879b1071d81a533c1bf951f26f94ca,f59c8e2cf3e3c101,train
534270,data/images/534270.jpg,sitting,train,,,1.237529691211401,http://images.cocodataset.org/val2017/000000534270.jpg,534270.jpg,be3b1df76cb9df79d634a20bceed6cbb7133e28ebb66798369a8c99049b67206,f9c68e69a153a14e,train
529939,data/images/529939.jpg,walking_running,train,,,1.3333333333333333,http://images.cocodataset.org/val2017/000000529939.jpg,529939.jpg,be40f5772fdbc590f352277ff78975fa231d4a3f272a4f42a954f7326118207c,9be1c538e85ee0a5,train
39480,data/images/39480.jpg,walking_running,train,,,1.4988290398126465,http://images.cocodataset.org/val2017/000000039480.jpg,39480.jpg,01bcb7230363caf883ccc2c419995c00ccc011254cdf3fdec5f5f33172496083,c1286b6b2b69637c,train
455597,data/images/455597.jpg,standing,test,,,1.4349775784753362,http://images.cocodataset.org/val2017/000000455597.jpg,455597.jpg,80bcfb867bb4a1b510ac914ee5a64703f410da01b05435d14bcf21be0ab0d74e,ddc123c0f6a7b470,test
97988,data/images/97988.jpg,standing,test,,,1.0,http://images.cocodataset.org/val2017/000000097988.jpg,97988.jpg,1d8288339c7cdfdc5dc57881aadbbf0319657138058880d60eb8daa521995389,8adefd9e0a15118e,test
463618,data/images/463618.jpg,sitting,val,,,1.419068736141907,http://images.cocodataset.org/val2017/000000463618.jpg,463618.jpg,3eb86005bb553fc3da100c0b383dda98d20c00c1d1bcf426eda6a68dbf7b1576,90922fda6784be95,val
493772,data/images/493772.jpg,walking_running,val,,,1.0,http://images.cocodataset.org/val2017/000000493772.jpg,493772.jpg,7a7733264e2c69827b9a615872971de9dfbf1aa86fd448a9038ee2b131603f56,9199789b33d1f191,val
476514,data/images/476514.jpg,standing,train,,,0.665625,http://images.cocodataset.org/val2017/000000476514.jpg,476514.jpg,a5574b4492ae0a848ccadb2442adec19806956d11c23e52805ffa580c87ad022,d934a6cb79432467,train
474293,data/images/474293.jpg,walking_running,train,,,1.3333333333333333,http://images.cocodataset.org/val2017/000000474293.jpg,474293.jpg,8ee36d978a81e41dde25a575cf485490eb5ecd64eb166a0a1c1a306209c80b64,f7289c7f80357e04,train
98716,data/images/98716.jpg,sitting,train,,,1.7827298050139275,http://images.cocodataset.org/val2017/000000098716.jpg,98716.jpg,1e03cdb25ac2a62149d36463c0b69276ddbb4ebfd4c110e84e100347914fe873,c59a32e499b2bcc9,train
569030,data/images/569030.jpg,standing,train,,,1.3333333333333333,http://images.cocodataset.org/val2017/000000569030.jpg,569030.jpg,b2d3d4287c0dc942c4b0acc34135c02dac8a2aa4088031647c418ba2fbc789d7,8436658496b2ed7b,train
288685,data/images/288685.jpg,standing,train,,,1.4678899082568808,http://images.cocodataset.org/val2017/000000288685.jpg,288685.jpg,cd33f1aae3ea110b6de7b35f2225bce018cf30248a78652955678d67b4c19a21,c4c8cacef03d65e4,train
412286,data/images/412286.jpg,walking_running,train,,,0.666,http://images.cocodataset.org/val2017/000000412286.jpg,412286.jpg,2c482d365623b18f877b90eea879331d4d11f8c9f8b13f058aa8cb1ef31cb58d,8c4cb331cccc33f3,train
147740,data/images/147740.jpg,walking_running,train,,,1.3333333333333333,http://images.cocodataset.org/val2017/000000147740.jpg,147740.jpg,0384b4bff79f53a0f2bcc54c99c0f7dc24660dd33f37c9b6dfa6adaa1e4a88ce,a48e4163f9d3f868,train
89697,data/images/89697.jpg,sitting,train,,,1.491841491841492,http://images.cocodataset.org/val2017/000000089697.jpg,89697.jpg,212184f1c130ab34054d031f6b84cc2c2fab3c8c92ebc8fbe5ca027c4379c3f8,9557af39e121d984,train
60932,data/images/60932.jpg,standing,train,,,1.4953271028037385,http://images.cocodataset.org/val2017/000000060932.jpg,60932.jpg,5dc30fc8cef779e2e4905235a08bddf1116dadc659356238293e2ac90792a7ed,974d4a9a9cc0f3a6,train
119088,data/images/119088.jpg,walking_running,train,,,1.3333333333333333,http://images.cocodataset.org/val2017/000000119088.jpg,119088.jpg,21ef6c68c76d2430c3d2a51ed3d1566c653061835842ebc74cf5820bd79015f6,86fb11c47cc92774,train
96825,data/images/96825.jpg,walking_running,val,,,1.272365805168986,http://images.cocodataset.org/val2017/000000096825.jpg,96825.jpg,ebbe4e292f44ddc7a3723528726c01cc4511d686de6f69eb3d3ee05c44b0bd3d,f938cc719a6ae1c4,val
5503,data/images/5503.jpg,standing,train,,,0.666,http://images.cocodataset.org/val2017/000000005503.jpg,5503.jpg,ff95bf5ddb4bdbd7f4f0f96d963cd941a0a2b38cfcf7832f25113e8441a443c6,cf764c8136c1f14d,train
17905,data/images/17905.jpg,standing,train,,,0.75,http://images.cocodataset.org/val2017/000000017905.jpg,17905.jpg,5fcff2c9895b398fa086180c2fbe39b17a4e07d47282bd0b184599764afba33d,c320bccb83349d6f,train
289594,data/images/289594.jpg,walking_running,test,,,0.8109375,http://images.cocodataset.org/val2017/000000289594.jpg,289594.jpg,6ea6d77f15b4f91be09e0a15bcae0e583c2224c24ab05ceca54ba906bcd5314a,de12d4ecc636f0c4,test
237071,data/images/237071.jpg,walking_running,train,,,1.4988290398126465,http://images.cocodataset.org/val2017/000000237071.jpg,237071.jpg,c977609c2c685eef309ff9140d94fc4ae47dd66a8d8624f6af6a63fb5a5a166c,887721669b49e73c,train
482436,data/images/482436.jpg,standing,train,,,1.5960099750623442,http://images.cocodataset.org/val2017/000000482436.jpg,482436.jpg,6e72b98c5dbab0f74b50aa059e963c59b48a1b95cbc52d3e0c7b05fc07f3f22c,98993336747c199b,train
68093,data/images/68093.jpg,sitting,test,,,1.3333333333333333,http://images.cocodataset.org/val2017/000000068093.jpg,68093.jpg,c5f288d7a94cace0aa18389b07caaf48af32fc3a49a99a17794456a116016244,ffd74a68a1b19448,test
299887,data/images/299887.jpg,standing,val,,,1.3333333333333333,http://images.cocodataset.org/val2017/000000299887.jpg,299887.jpg,7e6ec14aa7087b90379cb009ea2d203d523b5ca70ab567b6196e6d26a76c1945,e7c51893c36905eb,val
394199,data/images/394199.jpg,sitting,test,,,1.3333333333333333,http://images.cocodataset.org/val2017/000000394199.jpg,394199.jpg,6d7145c1fb4e03c61f12e2420bbef527597109619fa87ae75912b6ac1c41a9ac,9a4c23bc31b7a5a9,test
481567,data/images/481567.jpg,standing,test,,,1.3333333333333333,http://images.cocodataset.org/val2017/000000481567.jpg,481567.jpg,aed504ef84b51bc402d4f33a5853fd04f4b9da1f17e5def24c3bc52da313a375,d74bceb31874960c,test
214869,data/images/214869.jpg,sitting,train,,,1.3333333333333333,http://images.cocodataset.org/val2017/000000214869.jpg,214869.jpg,5dafe617fb1fab8bc768392c015e5bb2c9168cf964b2fe5eafdf3017c8a1475c,e8c7afa0193957c2,train
202339,data/images/202339.jpg,walking_running,train,,,0.75,http://images.cocodataset.org/val2017/000000202339.jpg,202339.jpg,9b1d63dff953ffb99953a9c7073ba01772810928f3b22a205b267f9ae0fa7ed5,d0a083d49fdad25e,train
459437,data/images/459437.jpg,standing,test,,,1.5023474178403755,http://images.cocodataset.org/val2017/000000459437.jpg,459437.jpg,36a1eff30f63e8ade3ee536119ae273452f27215afcac00f06c258228e71380e,c9167e22e99994da,test
564336,data/images/564336.jpg,sitting,train,,,1.7777777777777777,http://images.cocodataset.org/val2017/000000564336.jpg,564336.jpg,259fb73d152522fb39114a5f861e97a8bebae0c0c4811f37efa233dd276b4d4f,98bc2d12436db47b,train
488710,data/images/488710.jpg,standing,val,,,1.25,http://images.cocodataset.org/val2017/000000488710.jpg,488710.jpg,8fbacc18f6c96ebabcdcccee0d26a171b4a5de298942178e9b2f101ceddadbb9,aa116fdc3b00c36f,val
140203,data/images/140203.jpg,walking_running,train,,,1.3333333333333333,http://images.cocodataset.org/val2017/000000140203.jpg,140203.jpg,5c3a04dada4c36aba47e5c65a25da677451e66c4a7344ebb602bb4fe4cda55d1,c2c22f2fd2d3d09a,train
443426,data/images/443426.jpg,sitting,train,,,0.75,http://images.cocodataset.org/val2017/000000443426.jpg,443426.jpg,aaf5ea8a315e18e61c8c41b6b34f5a339f0c223d2af977ecebec418b472e3054,d83e07c335b846e3,train
540466,data/images/540466.jpg,walking_running,train,,,1.4988290398126465,http://images.cocodataset.org/val2017/000000540466.jpg,540466.jpg,be4515a5675c94535883e284832654b573b484170dc5f7e480ab456d9bda706c,9553ce4ba9b4929a,train
275198,data/images/275198.jpg,standing,train,,,1.3333333333333333,http://images.cocodataset.org/val2017/000000275198.jpg,275198.jpg,c34482da7ff6fc53d5e78dc433cc673ab601757761e07948f15450cc8214a483,96b489c174696ced,train
171788,data/images/171788.jpg,walking_running,train,,,0.6671875,http://images.cocodataset.org/val2017/000000171788.jpg,171788.jpg,ed082f222f2377d1df458552053b718593973f690ce4c59e3851fe1600ace970,e61819664bd3b66c,train
163682,data/images/163682.jpg,sitting,train,,,0.6671875,http://images.cocodataset.org/val2017/000000163682.jpg,163682.jpg,ae6c017e2766e46fc7f2177f023c6696c3fc6cc1978c0f4c6544e8e25ad956e0,e6d65d88355aa235,train
557672,data/images/557672.jpg,walking_running,train,,,1.4780600461893765,http://images.cocodataset.org/val2017/000000557672.jpg,557672.jpg,0a38afac00ef0b033b52a7add01e220615db5995f7f71657845602deb97acaf9,879e6379c0cf206b,train
213033,data/images/213033.jpg,standing,train,,,0.75,http://images.cocodataset.org/val2017/000000213033.jpg,213033.jpg,73a97cb8eceb57e2b1872b7470a11c6e5abb2c03173bd4ce94a45c0d096ae5ea,f1dccab0a40f3678,train
324158,data/images/324158.jpg,walking_running,val,,,1.497005988023952,http://images.cocodataset.org/val2017/000000324158.jpg,324158.jpg,1b5ea30fb94ec3a6a80fe5cdacce9cc0a2efe9988ad23820fbda4116eb96098b,a3c9c9d293bc60c7,val
76547,data/images/76547.jpg,sitting,val,,,1.3333333333333333,http://images.cocodataset.org/val2017/000000076547.jpg,76547.jpg,f4f730a011b99aaa7b9ee851b6ba4c77fe2e3c4c81d12d58b7221d0f1b199c01,8cea6b2d9609cde4,val
18837,data/images/18837.jpg,sitting,train,,,1.3333333333333333,http://images.cocodataset.org/val2017/000000018837.jpg,18837.jpg,70f986167a5f1ea723ee2a25273f39ee1d1d7a3bf8b2fa3a37eca946111f1d93,ab81a70ab7c2d9d2,train
50811,data/images/50811.jpg,sitting,val,,,1.0578512396694215,http://images.cocodataset.org/val2017/000000050811.jpg,50811.jpg,c69067b49ec7f1f07045130495c56fd29da44178965a33861b51a503a041acfa,bcb1c34cec8653e1,val
402774,data/images/402774.jpg,walking_running,val,,,0.6640625,http://images.cocodataset.org/val2017/000000402774.jpg,402774.jpg,de2566157fe6dc38cd6a87b557d7b731079b39ea009e835f310f558445b506ca,b30e8fb9bc2d2161,val
570448,data/images/570448.jpg,standing,train,,,1.322314049586777,http://images.cocodataset.org/val2017/000000570448.jpg,570448.jpg,f8e3ab46a4a04bb54cbe13dba356398f44c578ee9142528fc2a723a2eade2d94,d2467de56263878c,train
458255,data/images/458255.jpg,sitting,train,,,1.4953271028037385,http://images.cocodataset.org/val2017/000000458255.jpg,458255.jpg,a736cbd407d124923301403a399ec841193221775b4cd9671776b8bafe9b29c1,ff3af1e4d2c90026,train
431545,data/images/431545.jpg,walking_running,train,,,1.497005988023952,http://images.cocodataset.org/val2017/000000431545.jpg,431545.jpg,ae95bd418ccaeacb5254137d5e76b47b1cb41e94128779b892f34fbfa4b8b3d7,91e66c0e5d39c60f,train
16249,data/images/16249.jpg,sitting,train,,,1.36986301369863,http://images.cocodataset.org/val2017/000000016249.jpg,16249.jpg,6b8ddae2940c3f03b1cec347e49fb9cf1c944a6142d71dbe7c7a3c2187852b34,ffc3b139459c4611,train
294350,data/images/294350.jpg,standing,test,,,1.5058823529411764,http://images.cocodataset.org/val2017/000000294350.jpg,294350.jpg,8236646946496fe2a6f4da3d6247573026051fd2fbfffc2a3dfb3f7766dc23cf,cdb1ec388deb3a02,test
55002,data/images/55002.jpg,standing,train,,,1.3333333333333333,http://images.cocodataset.org/val2017/000000055002.jpg,55002.jpg,df75b3c0b09e519fa531f8bb57d27bb6eb86f0e2a951c47c8defe593746fef77,d59d8a83682332df,train
371529,data/images/371529.jpg,standing,test,,,0.8,http://images.cocodataset.org/val2017/000000371529.jpg,371529.jpg,1db0c839e7060314fa73cefcf19d616a4ced1e295b1b6f891c61f122fb448484,bd2f61e0c7a0ce61,test
333402,data/images/333402.jpg,walking_running,test,,,1.5058823529411764,http://images.cocodataset.org/val2017/000000333402.jpg,333402.jpg,27781696bf9427875689f4a8f5e7a517a04824fe935d3698552e8f57099b75a4,b6f5fb4a85258438,test
295478,data/images/295478.jpg,walking_running,test,,,0.8,http://images.cocodataset.org/val2017/000000295478.jpg,295478.jpg,dcf0e6d6e71ad7a861775298d4d8e2a207cffe3082da5c71c59b31c1a36d84d1,ae19ec323be6630c,test
577959,data/images/577959.jpg,walking_running,train,,,1.4988290398126465,http://images.cocodataset.org/val2017/000000577959.jpg,577959.jpg,bdaff0380da866f91b3457760a54ea63131bf0e746cb14386d3dcbc3a6328258,90d52f312ef5912e,train
333745,data/images/333745.jpg,walking_running,test,,,0.6671875,http://images.cocodataset.org/val2017/000000333745.jpg,333745.jpg,db3e2af085b3eafd7b00ebf44f43eebf839838a68493dcaaa3529fff953835c9,d1fc7e6281353782,test
292456,data/images/292456.jpg,sitting,train,,,1.3333333333333333,http://images.cocodataset.org/val2017/000000292456.jpg,292456.jpg,6c8207a06044306b0d271488a22e1a174af5a22e951a710e25a556cf5d212d5c,843ed3c1f733b260,train
13177,data/images/13177.jpg,sitting,val,,,1.4988290398126465,http://images.cocodataset.org/val2017/000000013177.jpg,13177.jpg,f93626195530f46ed849091160f8cccce1a255ca886fd5945f5719adc12dc789,fc3549cb25159e1a,val
88951,data/images/88951.jpg,sitting,test,,,1.3368983957219251,http://images.cocodataset.org/val2017/000000088951.jpg,88951.jpg,2abcdbf48031a2d126452f1b383195a8a25189fa2620d085e35f6184ce73ed0b,a1f1916b56b8ec83,test
14226,data/images/14226.jpg,sitting,val,,,1.3333333333333333,http://images.cocodataset.org/val2017/000000014226.jpg,14226.jpg,7342b8ee76ae63bfa942cb6849300cb39618b2453b2a51ef48650970bdeb837a,ccc404de738b4f78,val
250137,data/images/250137.jpg,standing,train,,,0.75,http://images.cocodataset.org/val2017/000000250137.jpg,250137.jpg,00b60aa56c8552f04a59da5ec1a6ba555991fa22cd8ff932f31d72a159595e8b,f2cdc9dcd16b2421,train
248284,data/images/248284.jpg,walking_running,train,,,0.6671875,http://images.cocodataset.org/val2017/000000248284.jpg,248284.jpg,9f3308ac7ee40f7e983b1f36adb8a65244063a1cebcd609407951d5457bd260a,c31fb6a5c9386097,train
121417,data/images/121417.jpg,sitting,val,,,0.75,http://images.cocodataset.org/val2017/000000121417.jpg,121417.jpg,eb484991351ad43a527aa9fea24f56216deacfe5cf8df2a49dc35bcd46e9490f,e88791696ea57712,val
341469,data/images/341469.jpg,standing,test,,,0.7140625,http://images.cocodataset.org/val2017/000000341469.jpg,341469.jpg,9539a05baa654711352936679b920ba72c69a6b870d6bf12148d9ce5afe68516,ad9460adc60e373e,test
229553,data/images/229553.jpg,sitting,train,,,1.3114754098360657,http://images.cocodataset.org/val2017/000000229553.jpg,229553.jpg,bff35262976dc1c3c08b79c5347299671f25f2d000177447b3acb08585bdd975,e4db92648d5ba664,train
504415,data/images/504415.jpg,walking_running,train,,,1.4988290398126465,http://images.cocodataset.org/val2017/000000504415.jpg,504415.jpg,74411e93658f68edd930e9e665a8cfabb542425dd63016303e7e23f4f895aaca,c262e2e269db9e1c,train
341921,data/images/341921.jpg,sitting,train,,,1.338912133891213,http://images.cocodataset.org/val2017/000000341921.jpg,341921.jpg,40ec6e7a9b261979db6c8294b0cd9c0228541ed6647d3aaf129a6e6915bfe267,ecbcfc9cd4a11a42,train
186449,data/images/186449.jpg,sitting,test,,,0.68125,http://images.cocodataset.org/val2017/000000186449.jpg,186449.jpg,a804534058df3729a9bedffa2fa16d4dcd0133a2556b45c8e98e225ee9626c33,aed4b0e1c6ed889a,test
547336,data/images/547336.jpg,sitting,test,,,1.3333333333333333,http://images.cocodataset.org/val2017/000000547336.jpg,547336.jpg,d89167b4015b2ffb42d4bccabc87fed2de0ca2721f96140fb451b31a52ff9982,e3d59a1ad18e3952,test
322610,data/images/322610.jpg,walking_running,train,,,1.3333333333333333,http://images.cocodataset.org/val2017/000000322610.jpg,322610.jpg,30e5b2591b14fc61ea7488608459c7a197e24eaeb97e09a9b1483bd9d35f1f71,fc29e28a4b41bf94,train
50145,data/images/50145.jpg,walking_running,train,,,1.5,http://images.cocodataset.org/val2017/000000050145.jpg,50145.jpg,c354e4a8ffd65115feaf41ed70dfc39e32eebcbb645469a0ef00e2518bbe2887,b09c8753f0042fdf,train
467848,data/images/467848.jpg,sitting,train,,,1.3333333333333333,http://images.cocodataset.org/val2017/000000467848.jpg,467848.jpg,8043630d9033bd8c58b57cf4faad1b2459c5341bfa487112479128f3ac80e4cd,eeeced36903d1190,train
