family,seed,role,fold_id,artifact_relative_path,checkpoint_sha256,temperature,evaluation_policy
convnext_small,42,oof_selection,1,checkpoints/convnext_small/final_cv_conv_randaugment_d0_seed_42_fold01/best_checkpoint.pt,c5e76247f1fd6d3807d6fe116a3ab016657ebc974ddb6be05ac54ea1131b3b49,1.2244070768356323,center_plus_horizontal_flip
convnext_small,52,oof_selection,1,checkpoints/convnext_small/final_cv_conv_randaugment_d0_seed_52_fold01/best_checkpoint.pt,6932783a9f181c58ba2ae73ab4e55e292c6175479e336d531aa48cbd63a0c34e,1.3519922494888306,center_plus_horizontal_flip
convnext_small,62,oof_selection,1,checkpoints/convnext_small/final_cv_conv_randaugment_d0_seed_62_fold01/best_checkpoint.pt,4e01582c64fa308f0ef4fae615ccdabc3bcd1b7e3cb63318318bdf5bf95fd059,1.3644050359725952,center_plus_horizontal_flip
convnext_small,42,oof_selection,2,checkpoints/convnext_small/final_cv_conv_randaugment_d0_seed_42_fold02/best_checkpoint.pt,840576c3da1a41c79869738974bec2c9b7a1bd1360440c88815fd7f7506f76fc,1.2244070768356323,center_plus_horizontal_flip
convnext_small,52,oof_selection,2,checkpoints/convnext_small/final_cv_conv_randaugment_d0_seed_52_fold02/best_checkpoint.pt,e157d7409a96f8538ed43dadc022ef75b92615b48765f3957df29314a70c4c01,1.3519922494888306,center_plus_horizontal_flip
convnext_small,62,oof_selection,2,checkpoints/convnext_small/final_cv_conv_randaugment_d0_seed_62_fold02/best_checkpoint.pt,4dcfc1c2be7b0febaa4ed3d0d311d42bfca5673da3c0e429d06227847bf1cbdb,1.3644050359725952,center_plus_horizontal_flip
convnext_small,42,oof_selection,3,checkpoints/convnext_small/final_cv_conv_randaugment_d0_seed_42_fold03/best_checkpoint.pt,904123ee2efa86964a1914e84d9b05a209e404e06199d46b677cce414aaf1277,1.2244070768356323,center_plus_horizontal_flip
convnext_small,52,oof_selection,3,checkpoints/convnext_small/final_cv_conv_randaugment_d0_seed_52_fold03/best_checkpoint.pt,1635e5ed28ec635c6d9272471646c4c073a52a2239e3f3614a539a6c0f1fdac3,1.3519922494888306,center_plus_horizontal_flip
convnext_small,62,oof_selection,3,checkpoints/convnext_small/final_cv_conv_randaugment_d0_seed_62_fold03/best_checkpoint.pt,9406d617d8fbf55a9fffd8aacf67f8565fc7d230aaf4bbef0faf88b1472096ea,1.3644050359725952,center_plus_horizontal_flip
convnext_small,42,oof_selection,4,checkpoints/convnext_small/final_cv_conv_randaugment_d0_seed_42_fold04/best_checkpoint.pt,3fc091890dd21467ba88e30589f8539c5b80def975fec8c7f27973c70c312da6,1.2244070768356323,center_plus_horizontal_flip
convnext_small,52,oof_selection,4,checkpoints/convnext_small/final_cv_conv_randaugment_d0_seed_52_fold04/best_checkpoint.pt,17b57e329040411a273780f29fece3f77646b0421c940f5ceedb88db3fb29caf,1.3519922494888306,center_plus_horizontal_flip
convnext_small,62,oof_selection,4,checkpoints/convnext_small/final_cv_conv_randaugment_d0_seed_62_fold04/best_checkpoint.pt,ae94c261fb3a87f8334f1fdbc9b4a684d143a0dbfe0f05542d44855ff9fbb1e7,1.3644050359725952,center_plus_horizontal_flip
convnext_small,42,oof_selection,5,checkpoints/convnext_small/final_cv_conv_randaugment_d0_seed_42_fold05/best_checkpoint.pt,f830971bce07514468488e8f69efc61c8715461e46283c2c661bb3abb36f8884,1.2244070768356323,center_plus_horizontal_flip
convnext_small,52,oof_selection,5,checkpoints/convnext_small/final_cv_conv_randaugment_d0_seed_52_fold05/best_checkpoint.pt,94ab7dd64c65b75f96af88037c6524c3493714a8be5bd1a46a54569056d32fbe,1.3519922494888306,center_plus_horizontal_flip
convnext_small,62,oof_selection,5,checkpoints/convnext_small/final_cv_conv_randaugment_d0_seed_62_fold05/best_checkpoint.pt,c7737df87f5f4bdaa71a9fe2573a683cfa5f9ed9a19be9d6d2af9e28e94c0d70,1.3644050359725952,center_plus_horizontal_flip
convnext_small,42,locked_test,,checkpoints/convnext_small/final_full_conv_randaugment_d0_seed_42/full_pool_checkpoint.pt,fe39d5ed337bcb25b117fabcc1ec59789f98c672c184ab11b7ea832d77139ab3,1.2244070768356323,center_plus_horizontal_flip
convnext_small,52,locked_test,,checkpoints/convnext_small/final_full_conv_randaugment_d0_seed_52/full_pool_checkpoint.pt,5ff1af41d62ed096732c1a165b2b8f5b28c458b417b6fe2dce0852975e8a27f0,1.3519922494888306,center_plus_horizontal_flip
convnext_small,62,locked_test,,checkpoints/convnext_small/final_full_conv_randaugment_d0_seed_62/full_pool_checkpoint.pt,1c8196f8215ec63585aaa93110f42d1d22024ef96e6b572d670b2d5341d2d8c7,1.3644050359725952,center_plus_horizontal_flip
dinov2_small,42,oof_selection,1,checkpoints/dinov2_small/final_cv_dino_full_d10_seed_42_fold01/best_checkpoint.pt,41daa11f25cac6850ab31840e4cdf8a709f028f48d3dbfb9e5b0ee69b3cb14ea,1.7006442546844482,center_crop
dinov2_small,52,oof_selection,1,checkpoints/dinov2_small/final_cv_dino_full_d10_seed_52_fold01/best_checkpoint.pt,bfe8724ba70425dff66c2c92ca4e90dbe2d59db6c003b9cbe6b4978213f23004,1.6539944410324097,center_crop
dinov2_small,62,oof_selection,1,checkpoints/dinov2_small/final_cv_dino_full_d10_seed_62_fold01/best_checkpoint.pt,cd11962a372a7b86fd459e8ff389d96917ef25b12a4dd8d8e5b83c143d3eb54f,1.7117834091186523,center_crop
dinov2_small,42,oof_selection,2,checkpoints/dinov2_small/final_cv_dino_full_d10_seed_42_fold02/best_checkpoint.pt,59769a1b41f94dac5320ea2b805a4b1c6eb348583c1ee4548f4be0e609c813fd,1.7006442546844482,center_crop
dinov2_small,52,oof_selection,2,checkpoints/dinov2_small/final_cv_dino_full_d10_seed_52_fold02/best_checkpoint.pt,7bf7af6b9c8c74e656e2538b3ac1b1bcf6149dc7fccb29b17b104304272952e9,1.6539944410324097,center_crop
dinov2_small,62,oof_selection,2,checkpoints/dinov2_small/final_cv_dino_full_d10_seed_62_fold02/best_checkpoint.pt,3403982aa36abb06f61f56f486d79e1f05069e397800384e6b68fb6eb1046504,1.7117834091186523,center_crop
dinov2_small,42,oof_selection,3,checkpoints/dinov2_small/final_cv_dino_full_d10_seed_42_fold03/best_checkpoint.pt,376be9366d48327fc76918384d4cd1d614a02d1449d1dca470f2256e594f7425,1.7006442546844482,center_crop
dinov2_small,52,oof_selection,3,checkpoints/dinov2_small/final_cv_dino_full_d10_seed_52_fold03/best_checkpoint.pt,10e89b82f4fbafdad4235bc66c1727f7cc951f9c1eaae038618455c7fc064687,1.6539944410324097,center_crop
dinov2_small,62,oof_selection,3,checkpoints/dinov2_small/final_cv_dino_full_d10_seed_62_fold03/best_checkpoint.pt,d7d822d8515a80966a05cfe95426fb080385162e67e8683cce29a31936d642b9,1.7117834091186523,center_crop
dinov2_small,42,oof_selection,4,checkpoints/dinov2_small/final_cv_dino_full_d10_seed_42_fold04/best_checkpoint.pt,fe80b44e89a7934220c8ef13f33f5670299bbd4177d82d8f2b10d8423e6ac677,1.7006442546844482,center_crop
dinov2_small,52,oof_selection,4,checkpoints/dinov2_small/final_cv_dino_full_d10_seed_52_fold04/best_checkpoint.pt,24e70821af39e2e126f9bdcd549b6e34922d51857982fa3c9a06b9a97203f264,1.6539944410324097,center_crop
dinov2_small,62,oof_selection,4,checkpoints/dinov2_small/final_cv_dino_full_d10_seed_62_fold04/best_checkpoint.pt,c98ef4877a9f1dd80af1c27cf8169ab2657c7868f9dbe2d900219ab987b87124,1.7117834091186523,center_crop
dinov2_small,42,oof_selection,5,checkpoints/dinov2_small/final_cv_dino_full_d10_seed_42_fold05/best_checkpoint.pt,358fcad888569d09051adefc75845307e6f8c12134ea8ca1ea8e4d1337b7d10e,1.7006442546844482,center_crop
dinov2_small,52,oof_selection,5,checkpoints/dinov2_small/final_cv_dino_full_d10_seed_52_fold05/best_checkpoint.pt,3c3e2f69d0e698ec2580de8c8e10937255373327860c2066f261aabb37a1f91c,1.6539944410324097,center_crop
dinov2_small,62,oof_selection,5,checkpoints/dinov2_small/final_cv_dino_full_d10_seed_62_fold05/best_checkpoint.pt,e36dbfb572805bc0c6005133f1f976f7b2de4fd65b3fce30e5bca8c57108b39f,1.7117834091186523,center_crop
dinov2_small,42,locked_test,,checkpoints/dinov2_small/final_full_dino_full_d10_seed_42/full_pool_checkpoint.pt,c96e53d424ea6c3d6335260d6cae49bb1feb96c0d69e3c9fb280dc14d9d8b5e0,1.7006442546844482,center_crop
dinov2_small,52,locked_test,,checkpoints/dinov2_small/final_full_dino_full_d10_seed_52/full_pool_checkpoint.pt,bccc62aabc3ae89f6e69af4b4f99bb15c4664f41759b6b78c96db86129ef3352,1.6539944410324097,center_crop
dinov2_small,62,locked_test,,checkpoints/dinov2_small/final_full_dino_full_d10_seed_62/full_pool_checkpoint.pt,3c1b564fb2251a37ffb896b61f2583f48a374e959377fe5e07a57f2f8d946b19,1.7117834091186523,center_crop
