family,condition,level,fault_seed,realized_bit_flips,accuracy,macro_f1,weighted_f1,balanced_accuracy,log_loss,brier_score,ece,prediction_agreement_with_clean,mean_absolute_probability_drift,max_absolute_probability_drift,mean_absolute_locked_probability_error,quantization_scale_mean
convnext_small_full,clean_float,0.0,none,0,0.8984375,0.8988138789505069,0.8988138789505069,0.8984375,0.3946473423965794,0.16350867041587244,0.05611386425453395,1.0,0.0,0.0,5.2898333229191994e-06,
convnext_small_full,uint8_input_bit_flip_rate,0.0,20260822,0,0.8984375,0.8988138789505069,0.8988138789505069,0.8984375,0.3946473423965794,0.16350867041587244,0.05611386425453395,1.0,0.0,0.0,,
convnext_small_full,uint8_input_bit_flip_rate,0.0,20260823,0,0.8984375,0.8988138789505069,0.8988138789505069,0.8984375,0.3946473423965794,0.16350867041587244,0.05611386425453395,1.0,0.0,0.0,,
convnext_small_full,uint8_input_bit_flip_rate,0.0,20260824,0,0.8984375,0.8988138789505069,0.8988138789505069,0.8984375,0.3946473423965794,0.16350867041587244,0.05611386425453395,1.0,0.0,0.0,,
convnext_small_full,uint8_input_bit_flip_rate,0.0,aggregate,0,0.8984375,0.8988138789505069,0.8988138789505069,0.8984375,0.3946473423965794,0.16350867041587244,0.056113864254533935,1.0,1.0725685869238797e-17,2.220446049250313e-16,,
convnext_small_full,uint8_input_bit_flip_rate,1e-05,20260822,3083,0.90234375,0.9026600327966607,0.9026600327966607,0.90234375,0.3925861226982336,0.1636298989839721,0.055392836489326774,0.99609375,0.0013240612244142563,0.0634029365205648,,
convnext_small_full,uint8_input_bit_flip_rate,1e-05,20260823,3083,0.90234375,0.9026600327966607,0.9026600327966607,0.90234375,0.39573647399203943,0.16327994660325595,0.05743903872948015,0.99609375,0.0010819376878887827,0.06514054646366996,,
convnext_small_full,uint8_input_bit_flip_rate,1e-05,20260824,3083,0.90625,0.9064990458015267,0.9064990458015267,0.90625,0.39272803840119486,0.16408729301842426,0.060200454962347896,0.9921875,0.0015793103884949946,0.15817237518463848,,
convnext_small_full,uint8_input_bit_flip_rate,1e-05,aggregate,3083,0.90234375,0.9026600327966607,0.9026600327966607,0.90234375,0.39345310971487735,0.16359054623728747,0.05672077812320169,0.99609375,0.0010508337353310223,0.07766185734582084,,
convnext_small_full,uint8_input_bit_flip_rate,0.0001,20260822,30828,0.90234375,0.902689847942755,0.902689847942755,0.90234375,0.3755601791488835,0.16065058437514623,0.054019418253629055,0.9921875,0.004821207563512478,0.2772275517803119,,
convnext_small_full,uint8_input_bit_flip_rate,0.0001,20260823,30828,0.90625,0.9064990458015267,0.9064990458015267,0.90625,0.3855271610003171,0.16593677886601235,0.05638279255663353,0.9921875,0.005043654571053715,0.30161868935074965,,
convnext_small_full,uint8_input_bit_flip_rate,0.0001,20260824,30828,0.8984375,0.8988138789505069,0.8988138789505069,0.8984375,0.38011028638601707,0.16355361965337975,0.04924968541957234,1.0,0.004697355356787892,0.24908061006070914,,
convnext_small_full,uint8_input_bit_flip_rate,0.0001,aggregate,30828,0.90234375,0.9026600327966607,0.9026600327966607,0.90234375,0.3790197514298912,0.16296421378801532,0.05143621882892552,0.99609375,0.003938436773905554,0.2759756170639236,,
convnext_small_full,uint8_input_bit_flip_rate,0.001,20260822,308281,0.8984375,0.8990456715481531,0.8990456715481531,0.8984375,0.3711916168213271,0.16884717452964007,0.06315030527148252,0.98046875,0.013167995127717954,0.540319144295892,,
convnext_small_full,uint8_input_bit_flip_rate,0.001,20260823,308281,0.90234375,0.902695481490574,0.902695481490574,0.90234375,0.3883391683614882,0.1711100757044751,0.07053271916781563,0.98046875,0.013871433532534026,0.5881469913131109,,
convnext_small_full,uint8_input_bit_flip_rate,0.001,20260824,308281,0.90234375,0.902786335518436,0.902786335518436,0.90234375,0.38546940566430843,0.170486653026122,0.0572713494904007,0.98828125,0.013554117776011738,0.5454998673785322,,
convnext_small_full,uint8_input_bit_flip_rate,0.001,aggregate,308281,0.8984375,0.8989897032101757,0.8989897032101757,0.8984375,0.37609002132536207,0.16882989441311572,0.058117212970431285,0.984375,0.012065434914178781,0.5579886676625117,,
convnext_small_full,symmetric_int8_head_weight_bit_flips,0.0,20260822,0,0.8984375,0.8988138789505069,0.8988138789505069,0.8984375,0.39477247572713947,0.16356143911166326,0.05611218696309768,1.0,8.158183872215156e-05,0.0018152557074614384,,0.0010114772895502605
convnext_small_full,symmetric_int8_head_weight_bit_flips,0.0,20260823,0,0.8984375,0.8988138789505069,0.8988138789505069,0.8984375,0.39477247572713947,0.16356143911166326,0.05611218696309768,1.0,8.158183872215156e-05,0.0018152557074614384,,0.0010114772895502605
convnext_small_full,symmetric_int8_head_weight_bit_flips,0.0,20260824,0,0.8984375,0.8988138789505069,0.8988138789505069,0.8984375,0.39477247572713947,0.16356143911166326,0.05611218696309768,1.0,8.158183872215156e-05,0.0018152557074614384,,0.0010114772895502605
convnext_small_full,symmetric_int8_head_weight_bit_flips,0.0,aggregate,0,0.8984375,0.8988138789505069,0.8988138789505069,0.8984375,0.39477247572713947,0.16356143911166324,0.05611218696309768,1.0,8.158183872215372e-05,0.0018152557074613274,,0.0010114772895502605
convnext_small_full,symmetric_int8_head_weight_bit_flips,1.0,20260822,3,0.8984375,0.8988138789505069,0.8988138789505069,0.8984375,0.3947041639732578,0.16354278491278565,0.05611052902443127,1.0,8.866805676474203e-05,0.0019682711530236707,,0.0010114772895502605
convnext_small_full,symmetric_int8_head_weight_bit_flips,1.0,20260823,3,0.8984375,0.8988138789505069,0.8988138789505069,0.8984375,0.3947872386732128,0.1635729282192469,0.05612645723366279,1.0,9.078636373091218e-05,0.0023924985739734728,,0.0010114772895502605
convnext_small_full,symmetric_int8_head_weight_bit_flips,1.0,20260824,3,0.8984375,0.8988138789505069,0.8988138789505069,0.8984375,0.3948115637263404,0.16367279455359876,0.05198821900851545,1.0,0.00018016007817639598,0.007663913131021993,,0.0010114772895502605
convnext_small_full,symmetric_int8_head_weight_bit_flips,1.0,aggregate,3,0.8984375,0.8988138789505069,0.8988138789505069,0.8984375,0.3947653952872083,0.1635958018465152,0.05612271957378463,1.0,0.00010807091132719219,0.002687417369475198,,0.0010114772895502605
convnext_small_full,symmetric_int8_head_weight_bit_flips,4.0,20260822,12,0.89453125,0.8949829404466502,0.8949829404466502,0.89453125,0.395142013746111,0.1637246285021882,0.06007384844245747,0.99609375,0.00020683973177438664,0.014877792801054446,,0.0010114772895502605
convnext_small_full,symmetric_int8_head_weight_bit_flips,4.0,20260823,12,0.90234375,0.9026600327966607,0.9026600327966607,0.90234375,0.3933735908935294,0.16343194101376018,0.05118493615058112,0.99609375,0.0004976447910944022,0.022386752466111548,,0.0010114772895502605
convnext_small_full,symmetric_int8_head_weight_bit_flips,4.0,20260824,12,0.8984375,0.8988138789505069,0.8988138789505069,0.8984375,0.3938354087164191,0.1634288199357018,0.05719640649370132,1.0,0.00047414490256443966,0.013650728389840605,,0.0010114772895502605
convnext_small_full,symmetric_int8_head_weight_bit_flips,4.0,aggregate,12,0.8984375,0.8988138789505069,0.8988138789505069,0.8984375,0.39408171394050906,0.1635222331220504,0.05174372983256037,1.0,0.000278666513527059,0.0074404773451622885,,0.0010114772895502605
convnext_small_full,symmetric_int8_head_weight_bit_flips,16.0,20260822,48,0.90234375,0.9026600327966607,0.9026600327966607,0.90234375,0.39220556686508945,0.16286943310524515,0.04783031727751711,0.99609375,0.0011302074440907857,0.0293995674685541,,0.0010114772895502605
convnext_small_full,symmetric_int8_head_weight_bit_flips,16.0,20260823,48,0.90234375,0.9026600327966607,0.9026600327966607,0.90234375,0.3923400770918337,0.1632294937673473,0.05539079094536417,0.99609375,0.0011421549642674255,0.030122051697024643,,0.0010114772895502605
convnext_small_full,symmetric_int8_head_weight_bit_flips,16.0,20260824,48,0.8984375,0.8988138789505069,0.8988138789505069,0.8984375,0.39522956472271487,0.16388699634173515,0.06262363567922262,1.0,0.0014442896770834282,0.05452714562572125,,0.0010114772895502605
convnext_small_full,symmetric_int8_head_weight_bit_flips,16.0,aggregate,48,0.8984375,0.8988138789505069,0.8988138789505069,0.8984375,0.3929820496980415,0.163287733744507,0.05893109377902217,1.0,0.000853292441596713,0.028054244567414455,,0.0010114772895502605
dinov2_base_top4,clean_float,0.0,none,0,0.953125,0.9532982772314751,0.9532982772314751,0.953125,0.21412135332965887,0.08539182031032067,0.040896938379470574,1.0,0.0,0.0,3.198181389365038e-05,
dinov2_base_top4,uint8_input_bit_flip_rate,0.0,20260822,0,0.953125,0.9532982772314751,0.9532982772314751,0.953125,0.21412135332965887,0.08539182031032067,0.040896938379470574,1.0,0.0,0.0,,
dinov2_base_top4,uint8_input_bit_flip_rate,0.0,20260823,0,0.953125,0.9532982772314751,0.9532982772314751,0.953125,0.21412135332965887,0.08539182031032067,0.040896938379470574,1.0,0.0,0.0,,
dinov2_base_top4,uint8_input_bit_flip_rate,0.0,20260824,0,0.953125,0.9532982772314751,0.9532982772314751,0.953125,0.21412135332965887,0.08539182031032067,0.040896938379470574,1.0,0.0,0.0,,
dinov2_base_top4,uint8_input_bit_flip_rate,0.0,aggregate,0,0.953125,0.9532982772314751,0.9532982772314751,0.953125,0.21412135332965887,0.08539182031032067,0.040896938379470574,1.0,7.914742821181659e-18,2.220446049250313e-16,,
dinov2_base_top4,uint8_input_bit_flip_rate,1e-05,20260822,3083,0.953125,0.9532982772314751,0.9532982772314751,0.953125,0.21225795643564402,0.08471360274888302,0.0326524820147299,1.0,0.0019332900116621453,0.134347971894564,,
dinov2_base_top4,uint8_input_bit_flip_rate,1e-05,20260823,3083,0.953125,0.9532982772314751,0.9532982772314751,0.953125,0.21439126444792223,0.08735323255761021,0.03940794470112047,1.0,0.0019061328151913312,0.10435795682597371,,
dinov2_base_top4,uint8_input_bit_flip_rate,1e-05,20260824,3083,0.94921875,0.9491948557878436,0.9491948557878436,0.94921875,0.22728706131418236,0.09041646250725453,0.03867266156589119,0.99609375,0.0025664532824817778,0.179039800499034,,
dinov2_base_top4,uint8_input_bit_flip_rate,1e-05,aggregate,3083,0.953125,0.9532982772314751,0.9532982772314751,0.953125,0.21644145495907585,0.08730853184449763,0.03991580113292309,1.0,0.0018186557296391388,0.11968067891254819,,
dinov2_base_top4,uint8_input_bit_flip_rate,0.0001,20260822,30828,0.9453125,0.9452467291561433,0.9452467291561433,0.9453125,0.22876680700255833,0.09345358063376585,0.04310012045211086,0.9921875,0.0048342359515911116,0.3021768778010876,,
dinov2_base_top4,uint8_input_bit_flip_rate,0.0001,20260823,30828,0.94921875,0.9491948557878436,0.9491948557878436,0.94921875,0.2221816970249043,0.08930591823463824,0.03536139221089209,0.99609375,0.0045509604496741796,0.2370252439069107,,
dinov2_base_top4,uint8_input_bit_flip_rate,0.0001,20260824,30828,0.94921875,0.9491948557878436,0.9491948557878436,0.94921875,0.21259886332405142,0.08889481338796043,0.04209751795084393,0.99609375,0.004210561391255406,0.22437546578989254,,
dinov2_base_top4,uint8_input_bit_flip_rate,0.0001,aggregate,30828,0.94921875,0.9491948557878436,0.9491948557878436,0.94921875,0.2184793387611753,0.09021731648778945,0.04096974328595937,0.99609375,0.004053672581604606,0.23685782128702426,,
dinov2_base_top4,uint8_input_bit_flip_rate,0.001,20260822,308281,0.9453125,0.9452467291561433,0.9452467291561433,0.9453125,0.22751295554358456,0.09763050028423256,0.047971446199277894,0.9921875,0.00786107107879496,0.32978298836212794,,
dinov2_base_top4,uint8_input_bit_flip_rate,0.001,20260823,308281,0.93359375,0.9334746131035364,0.9334746131035364,0.93359375,0.2263604676699167,0.10319680117455662,0.04135007666351808,0.97265625,0.008993747586534213,0.5889916101558907,,
dinov2_base_top4,uint8_input_bit_flip_rate,0.001,20260824,308281,0.94140625,0.9412867491987847,0.9412867491987847,0.94140625,0.21536911001011738,0.09238685181785276,0.04279565183175367,0.98828125,0.0068606431824858125,0.24613825989745286,,
dinov2_base_top4,uint8_input_bit_flip_rate,0.001,aggregate,308281,0.93359375,0.9333253460257005,0.9333253460257005,0.93359375,0.21438443883227082,0.0953879371958019,0.051076324087084374,0.98046875,0.006229854717060463,0.2509989159844398,,
dinov2_base_top4,symmetric_int8_head_weight_bit_flips,0.0,20260822,0,0.953125,0.9532982772314751,0.9532982772314751,0.953125,0.2141973695335158,0.08543653193990895,0.04091648941813521,1.0,5.597429300610861e-05,0.0023792504641899637,,0.000734293652488178
dinov2_base_top4,symmetric_int8_head_weight_bit_flips,0.0,20260823,0,0.953125,0.9532982772314751,0.9532982772314751,0.953125,0.2141973695335158,0.08543653193990895,0.04091648941813521,1.0,5.597429300610861e-05,0.0023792504641899637,,0.000734293652488178
dinov2_base_top4,symmetric_int8_head_weight_bit_flips,0.0,20260824,0,0.953125,0.9532982772314751,0.9532982772314751,0.953125,0.2141973695335158,0.08543653193990895,0.04091648941813521,1.0,5.597429300610861e-05,0.0023792504641899637,,0.000734293652488178
dinov2_base_top4,symmetric_int8_head_weight_bit_flips,0.0,aggregate,0,0.953125,0.9532982772314751,0.9532982772314751,0.953125,0.2141973695335158,0.08543653193990895,0.04091648941813521,1.0,5.597429300611181e-05,0.0023792504641899637,,0.0007342936524881778
dinov2_base_top4,symmetric_int8_head_weight_bit_flips,1.0,20260822,3,0.953125,0.9532982772314751,0.9532982772314751,0.953125,0.21415305237165763,0.08541537094629095,0.04093327662148406,1.0,5.848966670023406e-05,0.0025803737166320284,,0.000734293652488178
dinov2_base_top4,symmetric_int8_head_weight_bit_flips,1.0,20260823,3,0.953125,0.9532982772314751,0.9532982772314751,0.953125,0.214174384362131,0.08542862287641254,0.04090527783687846,1.0,5.600564203880201e-05,0.0023581049111308927,,0.000734293652488178
dinov2_base_top4,symmetric_int8_head_weight_bit_flips,1.0,20260824,3,0.953125,0.9532982772314751,0.9532982772314751,0.953125,0.21415370357592958,0.0853886214760686,0.040915981394498244,1.0,7.464502734645629e-05,0.004069779531278961,,0.000734293652488178
dinov2_base_top4,symmetric_int8_head_weight_bit_flips,1.0,aggregate,3,0.953125,0.9532982772314751,0.9532982772314751,0.953125,0.21415991316703928,0.08541077507206356,0.04091817861762012,1.0,5.727067475715008e-05,0.002356295413096371,,0.0007342936524881778
dinov2_base_top4,symmetric_int8_head_weight_bit_flips,4.0,20260822,12,0.953125,0.9532982772314751,0.9532982772314751,0.953125,0.21221253195813805,0.08502546033213321,0.04046546008496868,1.0,0.000350036364478843,0.014090432104269066,,0.000734293652488178
dinov2_base_top4,symmetric_int8_head_weight_bit_flips,4.0,20260823,12,0.953125,0.9532982772314751,0.9532982772314751,0.953125,0.21475367839715964,0.08562471221789708,0.04096464027140936,1.0,0.00012308361914613075,0.01435554609669007,,0.000734293652488178
dinov2_base_top4,symmetric_int8_head_weight_bit_flips,4.0,20260824,12,0.953125,0.9532982772314751,0.9532982772314751,0.953125,0.2128159074604976,0.08479091758994879,0.03694142335532156,1.0,0.0003954674186703547,0.024680627454182646,,0.000734293652488178
dinov2_base_top4,symmetric_int8_head_weight_bit_flips,4.0,aggregate,12,0.953125,0.9532982772314751,0.9532982772314751,0.953125,0.21321152619484837,0.08514085776791305,0.04065875950039929,1.0,0.0001977888908547786,0.011742473758508787,,0.0007342936524881778
dinov2_base_top4,symmetric_int8_head_weight_bit_flips,16.0,20260822,48,0.953125,0.9532982772314751,0.9532982772314751,0.953125,0.21413175544058766,0.08547423554209102,0.04113381517675178,1.0,0.0007744798749133947,0.030473595500481232,,0.000734293652488178
dinov2_base_top4,symmetric_int8_head_weight_bit_flips,16.0,20260823,48,0.953125,0.9532982772314751,0.9532982772314751,0.953125,0.21478258435322461,0.08572838871345516,0.04219360984985961,1.0,0.0005456130758714001,0.0428741060882723,,0.000734293652488178
dinov2_base_top4,symmetric_int8_head_weight_bit_flips,16.0,20260824,48,0.953125,0.9532982772314751,0.9532982772314751,0.953125,0.2133090851675186,0.0844514277881798,0.040827693412155544,1.0,0.0007014967253725348,0.04912211709443581,,0.000734293652488178
dinov2_base_top4,symmetric_int8_head_weight_bit_flips,16.0,aggregate,48,0.953125,0.9532982772314751,0.9532982772314751,0.953125,0.21395938036712778,0.08518751060620877,0.041767166837795654,1.0,0.0003883067357492539,0.024310657759771093,,0.0007342936524881778
